model,checkpoint_path,task,split,selection_protocol,condition,metric_name,score,damage_pp,n_samples,seed,script,git_commit,notes
pcpmae,/mnt/urashima/users/minesawa/home-offload/ssl/3D-NEPA/results/object_ssl_pointmae_pcpmae/heldout_experiments/pcpmae/heldout_obj_bg/pcpmae/pcpmae_obj_bg_heldout_seed2026/ckpt-best.pth,scanobjectnn,obj_bg,heldout_selection,clean,Top-1 (%),92.77108311653137,0.0,581,2026,/mnt/urashima/users/minesawa/home-offload/ssl/3D-NEPA/scripts/object_ssl/eval_scanobjectnn_mae.py,3dcf4b6a299e59744adcc064c5fa5d4b2b703187,"structured_keep drops a local anchor neighborhood by retaining farthest points, matching existing PointGPT support-stress protocol; input-level FPS is skipped when the H5 point count already equals npoints."
pcpmae,/mnt/urashima/users/minesawa/home-offload/ssl/3D-NEPA/results/object_ssl_pointmae_pcpmae/heldout_experiments/pcpmae/heldout_obj_bg/pcpmae/pcpmae_obj_bg_heldout_seed2026/ckpt-best.pth,scanobjectnn,obj_bg,heldout_selection,random_keep80,Top-1 (%),91.3941502571106,1.3769328594207764,581,2026,/mnt/urashima/users/minesawa/home-offload/ssl/3D-NEPA/scripts/object_ssl/eval_scanobjectnn_mae.py,3dcf4b6a299e59744adcc064c5fa5d4b2b703187,"structured_keep drops a local anchor neighborhood by retaining farthest points, matching existing PointGPT support-stress protocol; input-level FPS is skipped when the H5 point count already equals npoints."
pcpmae,/mnt/urashima/users/minesawa/home-offload/ssl/3D-NEPA/results/object_ssl_pointmae_pcpmae/heldout_experiments/pcpmae/heldout_obj_bg/pcpmae/pcpmae_obj_bg_heldout_seed2026/ckpt-best.pth,scanobjectnn,obj_bg,heldout_selection,random_keep50,Top-1 (%),82.6161801815033,10.154902935028076,581,2026,/mnt/urashima/users/minesawa/home-offload/ssl/3D-NEPA/scripts/object_ssl/eval_scanobjectnn_mae.py,3dcf4b6a299e59744adcc064c5fa5d4b2b703187,"structured_keep drops a local anchor neighborhood by retaining farthest points, matching existing PointGPT support-stress protocol; input-level FPS is skipped when the H5 point count already equals npoints."
pcpmae,/mnt/urashima/users/minesawa/home-offload/ssl/3D-NEPA/results/object_ssl_pointmae_pcpmae/heldout_experiments/pcpmae/heldout_obj_bg/pcpmae/pcpmae_obj_bg_heldout_seed2026/ckpt-best.pth,scanobjectnn,obj_bg,heldout_selection,random_keep20,Top-1 (%),30.80894947052002,61.96213364601135,581,2026,/mnt/urashima/users/minesawa/home-offload/ssl/3D-NEPA/scripts/object_ssl/eval_scanobjectnn_mae.py,3dcf4b6a299e59744adcc064c5fa5d4b2b703187,"structured_keep drops a local anchor neighborhood by retaining farthest points, matching existing PointGPT support-stress protocol; input-level FPS is skipped when the H5 point count already equals npoints."
pcpmae,/mnt/urashima/users/minesawa/home-offload/ssl/3D-NEPA/results/object_ssl_pointmae_pcpmae/heldout_experiments/pcpmae/heldout_obj_bg/pcpmae/pcpmae_obj_bg_heldout_seed2026/ckpt-best.pth,scanobjectnn,obj_bg,heldout_selection,random_keep10,Top-1 (%),13.425129652023315,79.34595346450806,581,2026,/mnt/urashima/users/minesawa/home-offload/ssl/3D-NEPA/scripts/object_ssl/eval_scanobjectnn_mae.py,3dcf4b6a299e59744adcc064c5fa5d4b2b703187,"structured_keep drops a local anchor neighborhood by retaining farthest points, matching existing PointGPT support-stress protocol; input-level FPS is skipped when the H5 point count already equals npoints."
pcpmae,/mnt/urashima/users/minesawa/home-offload/ssl/3D-NEPA/results/object_ssl_pointmae_pcpmae/heldout_experiments/pcpmae/heldout_obj_bg/pcpmae/pcpmae_obj_bg_heldout_seed2026/ckpt-best.pth,scanobjectnn,obj_bg,heldout_selection,structured_keep80,Top-1 (%),88.64027261734009,4.130810499191284,581,2026,/mnt/urashima/users/minesawa/home-offload/ssl/3D-NEPA/scripts/object_ssl/eval_scanobjectnn_mae.py,3dcf4b6a299e59744adcc064c5fa5d4b2b703187,"structured_keep drops a local anchor neighborhood by retaining farthest points, matching existing PointGPT support-stress protocol; input-level FPS is skipped when the H5 point count already equals npoints."
pcpmae,/mnt/urashima/users/minesawa/home-offload/ssl/3D-NEPA/results/object_ssl_pointmae_pcpmae/heldout_experiments/pcpmae/heldout_obj_bg/pcpmae/pcpmae_obj_bg_heldout_seed2026/ckpt-best.pth,scanobjectnn,obj_bg,heldout_selection,structured_keep50,Top-1 (%),64.71600532531738,28.05507779121399,581,2026,/mnt/urashima/users/minesawa/home-offload/ssl/3D-NEPA/scripts/object_ssl/eval_scanobjectnn_mae.py,3dcf4b6a299e59744adcc064c5fa5d4b2b703187,"structured_keep drops a local anchor neighborhood by retaining farthest points, matching existing PointGPT support-stress protocol; input-level FPS is skipped when the H5 point count already equals npoints."
pcpmae,/mnt/urashima/users/minesawa/home-offload/ssl/3D-NEPA/results/object_ssl_pointmae_pcpmae/heldout_experiments/pcpmae/heldout_obj_bg/pcpmae/pcpmae_obj_bg_heldout_seed2026/ckpt-best.pth,scanobjectnn,obj_bg,heldout_selection,structured_keep20,Top-1 (%),17.728054523468018,75.04302859306335,581,2026,/mnt/urashima/users/minesawa/home-offload/ssl/3D-NEPA/scripts/object_ssl/eval_scanobjectnn_mae.py,3dcf4b6a299e59744adcc064c5fa5d4b2b703187,"structured_keep drops a local anchor neighborhood by retaining farthest points, matching existing PointGPT support-stress protocol; input-level FPS is skipped when the H5 point count already equals npoints."
pcpmae,/mnt/urashima/users/minesawa/home-offload/ssl/3D-NEPA/results/object_ssl_pointmae_pcpmae/heldout_experiments/pcpmae/heldout_obj_bg/pcpmae/pcpmae_obj_bg_heldout_seed2026/ckpt-best.pth,scanobjectnn,obj_bg,heldout_selection,structured_keep10,Top-1 (%),11.187607795000076,81.5834753215313,581,2026,/mnt/urashima/users/minesawa/home-offload/ssl/3D-NEPA/scripts/object_ssl/eval_scanobjectnn_mae.py,3dcf4b6a299e59744adcc064c5fa5d4b2b703187,"structured_keep drops a local anchor neighborhood by retaining farthest points, matching existing PointGPT support-stress protocol; input-level FPS is skipped when the H5 point count already equals npoints."
pcpmae,/mnt/urashima/users/minesawa/home-offload/ssl/3D-NEPA/results/object_ssl_pointmae_pcpmae/heldout_experiments/pcpmae/heldout_obj_bg/pcpmae/pcpmae_obj_bg_heldout_seed2026/ckpt-best.pth,scanobjectnn,obj_bg,heldout_selection,xyz_zero,Top-1 (%),9.294319897890091,83.47676321864128,581,2026,/mnt/urashima/users/minesawa/home-offload/ssl/3D-NEPA/scripts/object_ssl/eval_scanobjectnn_mae.py,3dcf4b6a299e59744adcc064c5fa5d4b2b703187,"structured_keep drops a local anchor neighborhood by retaining farthest points, matching existing PointGPT support-stress protocol; input-level FPS is skipped when the H5 point count already equals npoints."
pcpmae,/mnt/urashima/users/minesawa/home-offload/ssl/3D-NEPA/results/object_ssl_pointmae_pcpmae/checkpoints/pcpmae/obj_bg/ckpt-best-95.53.pth,scanobjectnn,obj_bg,official_checkpoint,clean,Top-1 (%),94.49225664138794,0.0,581,2026,/mnt/urashima/users/minesawa/home-offload/ssl/3D-NEPA/scripts/object_ssl/eval_scanobjectnn_mae.py,3dcf4b6a299e59744adcc064c5fa5d4b2b703187,"structured_keep drops a local anchor neighborhood by retaining farthest points, matching existing PointGPT support-stress protocol; input-level FPS is skipped when the H5 point count already equals npoints."
pcpmae,/mnt/urashima/users/minesawa/home-offload/ssl/3D-NEPA/results/object_ssl_pointmae_pcpmae/checkpoints/pcpmae/obj_bg/ckpt-best-95.53.pth,scanobjectnn,obj_bg,official_checkpoint,random_keep80,Top-1 (%),94.32013630867004,0.1721203327178955,581,2026,/mnt/urashima/users/minesawa/home-offload/ssl/3D-NEPA/scripts/object_ssl/eval_scanobjectnn_mae.py,3dcf4b6a299e59744adcc064c5fa5d4b2b703187,"structured_keep drops a local anchor neighborhood by retaining farthest points, matching existing PointGPT support-stress protocol; input-level FPS is skipped when the H5 point count already equals npoints."
pcpmae,/mnt/urashima/users/minesawa/home-offload/ssl/3D-NEPA/results/object_ssl_pointmae_pcpmae/checkpoints/pcpmae/obj_bg/ckpt-best-95.53.pth,scanobjectnn,obj_bg,official_checkpoint,random_keep50,Top-1 (%),87.77968883514404,6.7125678062438965,581,2026,/mnt/urashima/users/minesawa/home-offload/ssl/3D-NEPA/scripts/object_ssl/eval_scanobjectnn_mae.py,3dcf4b6a299e59744adcc064c5fa5d4b2b703187,"structured_keep drops a local anchor neighborhood by retaining farthest points, matching existing PointGPT support-stress protocol; input-level FPS is skipped when the H5 point count already equals npoints."
pcpmae,/mnt/urashima/users/minesawa/home-offload/ssl/3D-NEPA/results/object_ssl_pointmae_pcpmae/checkpoints/pcpmae/obj_bg/ckpt-best-95.53.pth,scanobjectnn,obj_bg,official_checkpoint,random_keep20,Top-1 (%),21.858863532543182,72.63339310884476,581,2026,/mnt/urashima/users/minesawa/home-offload/ssl/3D-NEPA/scripts/object_ssl/eval_scanobjectnn_mae.py,3dcf4b6a299e59744adcc064c5fa5d4b2b703187,"structured_keep drops a local anchor neighborhood by retaining farthest points, matching existing PointGPT support-stress protocol; input-level FPS is skipped when the H5 point count already equals npoints."
pcpmae,/mnt/urashima/users/minesawa/home-offload/ssl/3D-NEPA/results/object_ssl_pointmae_pcpmae/checkpoints/pcpmae/obj_bg/ckpt-best-95.53.pth,scanobjectnn,obj_bg,official_checkpoint,random_keep10,Top-1 (%),17.211703956127167,77.28055268526077,581,2026,/mnt/urashima/users/minesawa/home-offload/ssl/3D-NEPA/scripts/object_ssl/eval_scanobjectnn_mae.py,3dcf4b6a299e59744adcc064c5fa5d4b2b703187,"structured_keep drops a local anchor neighborhood by retaining farthest points, matching existing PointGPT support-stress protocol; input-level FPS is skipped when the H5 point count already equals npoints."
pcpmae,/mnt/urashima/users/minesawa/home-offload/ssl/3D-NEPA/results/object_ssl_pointmae_pcpmae/checkpoints/pcpmae/obj_bg/ckpt-best-95.53.pth,scanobjectnn,obj_bg,official_checkpoint,structured_keep80,Top-1 (%),90.01721143722534,4.475045204162598,581,2026,/mnt/urashima/users/minesawa/home-offload/ssl/3D-NEPA/scripts/object_ssl/eval_scanobjectnn_mae.py,3dcf4b6a299e59744adcc064c5fa5d4b2b703187,"structured_keep drops a local anchor neighborhood by retaining farthest points, matching existing PointGPT support-stress protocol; input-level FPS is skipped when the H5 point count already equals npoints."
pcpmae,/mnt/urashima/users/minesawa/home-offload/ssl/3D-NEPA/results/object_ssl_pointmae_pcpmae/checkpoints/pcpmae/obj_bg/ckpt-best-95.53.pth,scanobjectnn,obj_bg,official_checkpoint,structured_keep50,Top-1 (%),67.98623204231262,26.506024599075317,581,2026,/mnt/urashima/users/minesawa/home-offload/ssl/3D-NEPA/scripts/object_ssl/eval_scanobjectnn_mae.py,3dcf4b6a299e59744adcc064c5fa5d4b2b703187,"structured_keep drops a local anchor neighborhood by retaining farthest points, matching existing PointGPT support-stress protocol; input-level FPS is skipped when the H5 point count already equals npoints."
pcpmae,/mnt/urashima/users/minesawa/home-offload/ssl/3D-NEPA/results/object_ssl_pointmae_pcpmae/checkpoints/pcpmae/obj_bg/ckpt-best-95.53.pth,scanobjectnn,obj_bg,official_checkpoint,structured_keep20,Top-1 (%),18.416523933410645,76.0757327079773,581,2026,/mnt/urashima/users/minesawa/home-offload/ssl/3D-NEPA/scripts/object_ssl/eval_scanobjectnn_mae.py,3dcf4b6a299e59744adcc064c5fa5d4b2b703187,"structured_keep drops a local anchor neighborhood by retaining farthest points, matching existing PointGPT support-stress protocol; input-level FPS is skipped when the H5 point count already equals npoints."
pcpmae,/mnt/urashima/users/minesawa/home-offload/ssl/3D-NEPA/results/object_ssl_pointmae_pcpmae/checkpoints/pcpmae/obj_bg/ckpt-best-95.53.pth,scanobjectnn,obj_bg,official_checkpoint,structured_keep10,Top-1 (%),14.457830786705017,80.03442585468292,581,2026,/mnt/urashima/users/minesawa/home-offload/ssl/3D-NEPA/scripts/object_ssl/eval_scanobjectnn_mae.py,3dcf4b6a299e59744adcc064c5fa5d4b2b703187,"structured_keep drops a local anchor neighborhood by retaining farthest points, matching existing PointGPT support-stress protocol; input-level FPS is skipped when the H5 point count already equals npoints."
pcpmae,/mnt/urashima/users/minesawa/home-offload/ssl/3D-NEPA/results/object_ssl_pointmae_pcpmae/checkpoints/pcpmae/obj_bg/ckpt-best-95.53.pth,scanobjectnn,obj_bg,official_checkpoint,xyz_zero,Top-1 (%),9.294319897890091,85.19793674349785,581,2026,/mnt/urashima/users/minesawa/home-offload/ssl/3D-NEPA/scripts/object_ssl/eval_scanobjectnn_mae.py,3dcf4b6a299e59744adcc064c5fa5d4b2b703187,"structured_keep drops a local anchor neighborhood by retaining farthest points, matching existing PointGPT support-stress protocol; input-level FPS is skipped when the H5 point count already equals npoints."
pcpmae,/mnt/urashima/users/minesawa/home-offload/ssl/3D-NEPA/results/object_ssl_pointmae_pcpmae/heldout_experiments/pcpmae/heldout_obj_only/pcpmae/pcpmae_obj_only_heldout_seed2026/ckpt-best.pth,scanobjectnn,obj_only,heldout_selection,clean,Top-1 (%),92.25473403930664,0.0,581,2026,/mnt/urashima/users/minesawa/home-offload/ssl/3D-NEPA/scripts/object_ssl/eval_scanobjectnn_mae.py,3dcf4b6a299e59744adcc064c5fa5d4b2b703187,"structured_keep drops a local anchor neighborhood by retaining farthest points, matching existing PointGPT support-stress protocol; input-level FPS is skipped when the H5 point count already equals npoints."
pcpmae,/mnt/urashima/users/minesawa/home-offload/ssl/3D-NEPA/results/object_ssl_pointmae_pcpmae/heldout_experiments/pcpmae/heldout_obj_only/pcpmae/pcpmae_obj_only_heldout_seed2026/ckpt-best.pth,scanobjectnn,obj_only,heldout_selection,random_keep80,Top-1 (%),91.04991555213928,1.2048184871673584,581,2026,/mnt/urashima/users/minesawa/home-offload/ssl/3D-NEPA/scripts/object_ssl/eval_scanobjectnn_mae.py,3dcf4b6a299e59744adcc064c5fa5d4b2b703187,"structured_keep drops a local anchor neighborhood by retaining farthest points, matching existing PointGPT support-stress protocol; input-level FPS is skipped when the H5 point count already equals npoints."
pcpmae,/mnt/urashima/users/minesawa/home-offload/ssl/3D-NEPA/results/object_ssl_pointmae_pcpmae/heldout_experiments/pcpmae/heldout_obj_only/pcpmae/pcpmae_obj_only_heldout_seed2026/ckpt-best.pth,scanobjectnn,obj_only,heldout_selection,random_keep50,Top-1 (%),88.46815824508667,3.7865757942199707,581,2026,/mnt/urashima/users/minesawa/home-offload/ssl/3D-NEPA/scripts/object_ssl/eval_scanobjectnn_mae.py,3dcf4b6a299e59744adcc064c5fa5d4b2b703187,"structured_keep drops a local anchor neighborhood by retaining farthest points, matching existing PointGPT support-stress protocol; input-level FPS is skipped when the H5 point count already equals npoints."
pcpmae,/mnt/urashima/users/minesawa/home-offload/ssl/3D-NEPA/results/object_ssl_pointmae_pcpmae/heldout_experiments/pcpmae/heldout_obj_only/pcpmae/pcpmae_obj_only_heldout_seed2026/ckpt-best.pth,scanobjectnn,obj_only,heldout_selection,random_keep20,Top-1 (%),46.64371907711029,45.61101496219635,581,2026,/mnt/urashima/users/minesawa/home-offload/ssl/3D-NEPA/scripts/object_ssl/eval_scanobjectnn_mae.py,3dcf4b6a299e59744adcc064c5fa5d4b2b703187,"structured_keep drops a local anchor neighborhood by retaining farthest points, matching existing PointGPT support-stress protocol; input-level FPS is skipped when the H5 point count already equals npoints."
pcpmae,/mnt/urashima/users/minesawa/home-offload/ssl/3D-NEPA/results/object_ssl_pointmae_pcpmae/heldout_experiments/pcpmae/heldout_obj_only/pcpmae/pcpmae_obj_only_heldout_seed2026/ckpt-best.pth,scanobjectnn,obj_only,heldout_selection,random_keep10,Top-1 (%),14.80206549167633,77.45266854763031,581,2026,/mnt/urashima/users/minesawa/home-offload/ssl/3D-NEPA/scripts/object_ssl/eval_scanobjectnn_mae.py,3dcf4b6a299e59744adcc064c5fa5d4b2b703187,"structured_keep drops a local anchor neighborhood by retaining farthest points, matching existing PointGPT support-stress protocol; input-level FPS is skipped when the H5 point count already equals npoints."
pcpmae,/mnt/urashima/users/minesawa/home-offload/ssl/3D-NEPA/results/object_ssl_pointmae_pcpmae/heldout_experiments/pcpmae/heldout_obj_only/pcpmae/pcpmae_obj_only_heldout_seed2026/ckpt-best.pth,scanobjectnn,obj_only,heldout_selection,structured_keep80,Top-1 (%),90.18932580947876,2.065408229827881,581,2026,/mnt/urashima/users/minesawa/home-offload/ssl/3D-NEPA/scripts/object_ssl/eval_scanobjectnn_mae.py,3dcf4b6a299e59744adcc064c5fa5d4b2b703187,"structured_keep drops a local anchor neighborhood by retaining farthest points, matching existing PointGPT support-stress protocol; input-level FPS is skipped when the H5 point count already equals npoints."
pcpmae,/mnt/urashima/users/minesawa/home-offload/ssl/3D-NEPA/results/object_ssl_pointmae_pcpmae/heldout_experiments/pcpmae/heldout_obj_only/pcpmae/pcpmae_obj_only_heldout_seed2026/ckpt-best.pth,scanobjectnn,obj_only,heldout_selection,structured_keep50,Top-1 (%),74.18244481086731,18.07228922843933,581,2026,/mnt/urashima/users/minesawa/home-offload/ssl/3D-NEPA/scripts/object_ssl/eval_scanobjectnn_mae.py,3dcf4b6a299e59744adcc064c5fa5d4b2b703187,"structured_keep drops a local anchor neighborhood by retaining farthest points, matching existing PointGPT support-stress protocol; input-level FPS is skipped when the H5 point count already equals npoints."
pcpmae,/mnt/urashima/users/minesawa/home-offload/ssl/3D-NEPA/results/object_ssl_pointmae_pcpmae/heldout_experiments/pcpmae/heldout_obj_only/pcpmae/pcpmae_obj_only_heldout_seed2026/ckpt-best.pth,scanobjectnn,obj_only,heldout_selection,structured_keep20,Top-1 (%),23.06368350982666,69.19105052947998,581,2026,/mnt/urashima/users/minesawa/home-offload/ssl/3D-NEPA/scripts/object_ssl/eval_scanobjectnn_mae.py,3dcf4b6a299e59744adcc064c5fa5d4b2b703187,"structured_keep drops a local anchor neighborhood by retaining farthest points, matching existing PointGPT support-stress protocol; input-level FPS is skipped when the H5 point count already equals npoints."
pcpmae,/mnt/urashima/users/minesawa/home-offload/ssl/3D-NEPA/results/object_ssl_pointmae_pcpmae/heldout_experiments/pcpmae/heldout_obj_only/pcpmae/pcpmae_obj_only_heldout_seed2026/ckpt-best.pth,scanobjectnn,obj_only,heldout_selection,structured_keep10,Top-1 (%),13.597245514392853,78.65748852491379,581,2026,/mnt/urashima/users/minesawa/home-offload/ssl/3D-NEPA/scripts/object_ssl/eval_scanobjectnn_mae.py,3dcf4b6a299e59744adcc064c5fa5d4b2b703187,"structured_keep drops a local anchor neighborhood by retaining farthest points, matching existing PointGPT support-stress protocol; input-level FPS is skipped when the H5 point count already equals npoints."
pcpmae,/mnt/urashima/users/minesawa/home-offload/ssl/3D-NEPA/results/object_ssl_pointmae_pcpmae/heldout_experiments/pcpmae/heldout_obj_only/pcpmae/pcpmae_obj_only_heldout_seed2026/ckpt-best.pth,scanobjectnn,obj_only,heldout_selection,xyz_zero,Top-1 (%),9.294319897890091,82.96041414141655,581,2026,/mnt/urashima/users/minesawa/home-offload/ssl/3D-NEPA/scripts/object_ssl/eval_scanobjectnn_mae.py,3dcf4b6a299e59744adcc064c5fa5d4b2b703187,"structured_keep drops a local anchor neighborhood by retaining farthest points, matching existing PointGPT support-stress protocol; input-level FPS is skipped when the H5 point count already equals npoints."
pcpmae,/mnt/urashima/users/minesawa/home-offload/ssl/3D-NEPA/results/object_ssl_pointmae_pcpmae/checkpoints/pcpmae/obj_only/ckpt-best-93.97-ckpt-300-finetune.pth,scanobjectnn,obj_only,official_checkpoint,clean,Top-1 (%),93.28743815422058,0.0,581,2026,/mnt/urashima/users/minesawa/home-offload/ssl/3D-NEPA/scripts/object_ssl/eval_scanobjectnn_mae.py,3dcf4b6a299e59744adcc064c5fa5d4b2b703187,"structured_keep drops a local anchor neighborhood by retaining farthest points, matching existing PointGPT support-stress protocol; input-level FPS is skipped when the H5 point count already equals npoints."
pcpmae,/mnt/urashima/users/minesawa/home-offload/ssl/3D-NEPA/results/object_ssl_pointmae_pcpmae/checkpoints/pcpmae/obj_only/ckpt-best-93.97-ckpt-300-finetune.pth,scanobjectnn,obj_only,official_checkpoint,random_keep80,Top-1 (%),92.59896874427795,0.688469409942627,581,2026,/mnt/urashima/users/minesawa/home-offload/ssl/3D-NEPA/scripts/object_ssl/eval_scanobjectnn_mae.py,3dcf4b6a299e59744adcc064c5fa5d4b2b703187,"structured_keep drops a local anchor neighborhood by retaining farthest points, matching existing PointGPT support-stress protocol; input-level FPS is skipped when the H5 point count already equals npoints."
pcpmae,/mnt/urashima/users/minesawa/home-offload/ssl/3D-NEPA/results/object_ssl_pointmae_pcpmae/checkpoints/pcpmae/obj_only/ckpt-best-93.97-ckpt-300-finetune.pth,scanobjectnn,obj_only,official_checkpoint,random_keep50,Top-1 (%),90.70568084716797,2.5817573070526123,581,2026,/mnt/urashima/users/minesawa/home-offload/ssl/3D-NEPA/scripts/object_ssl/eval_scanobjectnn_mae.py,3dcf4b6a299e59744adcc064c5fa5d4b2b703187,"structured_keep drops a local anchor neighborhood by retaining farthest points, matching existing PointGPT support-stress protocol; input-level FPS is skipped when the H5 point count already equals npoints."
pcpmae,/mnt/urashima/users/minesawa/home-offload/ssl/3D-NEPA/results/object_ssl_pointmae_pcpmae/checkpoints/pcpmae/obj_only/ckpt-best-93.97-ckpt-300-finetune.pth,scanobjectnn,obj_only,official_checkpoint,random_keep20,Top-1 (%),60.585200786590576,32.702237367630005,581,2026,/mnt/urashima/users/minesawa/home-offload/ssl/3D-NEPA/scripts/object_ssl/eval_scanobjectnn_mae.py,3dcf4b6a299e59744adcc064c5fa5d4b2b703187,"structured_keep drops a local anchor neighborhood by retaining farthest points, matching existing PointGPT support-stress protocol; input-level FPS is skipped when the H5 point count already equals npoints."
pcpmae,/mnt/urashima/users/minesawa/home-offload/ssl/3D-NEPA/results/object_ssl_pointmae_pcpmae/checkpoints/pcpmae/obj_only/ckpt-best-93.97-ckpt-300-finetune.pth,scanobjectnn,obj_only,official_checkpoint,random_keep10,Top-1 (%),27.022376656532288,66.2650614976883,581,2026,/mnt/urashima/users/minesawa/home-offload/ssl/3D-NEPA/scripts/object_ssl/eval_scanobjectnn_mae.py,3dcf4b6a299e59744adcc064c5fa5d4b2b703187,"structured_keep drops a local anchor neighborhood by retaining farthest points, matching existing PointGPT support-stress protocol; input-level FPS is skipped when the H5 point count already equals npoints."
pcpmae,/mnt/urashima/users/minesawa/home-offload/ssl/3D-NEPA/results/object_ssl_pointmae_pcpmae/checkpoints/pcpmae/obj_only/ckpt-best-93.97-ckpt-300-finetune.pth,scanobjectnn,obj_only,official_checkpoint,structured_keep80,Top-1 (%),89.84509706497192,3.4423410892486572,581,2026,/mnt/urashima/users/minesawa/home-offload/ssl/3D-NEPA/scripts/object_ssl/eval_scanobjectnn_mae.py,3dcf4b6a299e59744adcc064c5fa5d4b2b703187,"structured_keep drops a local anchor neighborhood by retaining farthest points, matching existing PointGPT support-stress protocol; input-level FPS is skipped when the H5 point count already equals npoints."
pcpmae,/mnt/urashima/users/minesawa/home-offload/ssl/3D-NEPA/results/object_ssl_pointmae_pcpmae/checkpoints/pcpmae/obj_only/ckpt-best-93.97-ckpt-300-finetune.pth,scanobjectnn,obj_only,official_checkpoint,structured_keep50,Top-1 (%),74.35455918312073,18.932878971099854,581,2026,/mnt/urashima/users/minesawa/home-offload/ssl/3D-NEPA/scripts/object_ssl/eval_scanobjectnn_mae.py,3dcf4b6a299e59744adcc064c5fa5d4b2b703187,"structured_keep drops a local anchor neighborhood by retaining farthest points, matching existing PointGPT support-stress protocol; input-level FPS is skipped when the H5 point count already equals npoints."
pcpmae,/mnt/urashima/users/minesawa/home-offload/ssl/3D-NEPA/results/object_ssl_pointmae_pcpmae/checkpoints/pcpmae/obj_only/ckpt-best-93.97-ckpt-300-finetune.pth,scanobjectnn,obj_only,official_checkpoint,structured_keep20,Top-1 (%),28.915661573410034,64.37177658081055,581,2026,/mnt/urashima/users/minesawa/home-offload/ssl/3D-NEPA/scripts/object_ssl/eval_scanobjectnn_mae.py,3dcf4b6a299e59744adcc064c5fa5d4b2b703187,"structured_keep drops a local anchor neighborhood by retaining farthest points, matching existing PointGPT support-stress protocol; input-level FPS is skipped when the H5 point count already equals npoints."
pcpmae,/mnt/urashima/users/minesawa/home-offload/ssl/3D-NEPA/results/object_ssl_pointmae_pcpmae/checkpoints/pcpmae/obj_only/ckpt-best-93.97-ckpt-300-finetune.pth,scanobjectnn,obj_only,official_checkpoint,structured_keep10,Top-1 (%),12.564544379711151,80.72289377450943,581,2026,/mnt/urashima/users/minesawa/home-offload/ssl/3D-NEPA/scripts/object_ssl/eval_scanobjectnn_mae.py,3dcf4b6a299e59744adcc064c5fa5d4b2b703187,"structured_keep drops a local anchor neighborhood by retaining farthest points, matching existing PointGPT support-stress protocol; input-level FPS is skipped when the H5 point count already equals npoints."
pcpmae,/mnt/urashima/users/minesawa/home-offload/ssl/3D-NEPA/results/object_ssl_pointmae_pcpmae/checkpoints/pcpmae/obj_only/ckpt-best-93.97-ckpt-300-finetune.pth,scanobjectnn,obj_only,official_checkpoint,xyz_zero,Top-1 (%),9.294319897890091,83.99311825633049,581,2026,/mnt/urashima/users/minesawa/home-offload/ssl/3D-NEPA/scripts/object_ssl/eval_scanobjectnn_mae.py,3dcf4b6a299e59744adcc064c5fa5d4b2b703187,"structured_keep drops a local anchor neighborhood by retaining farthest points, matching existing PointGPT support-stress protocol; input-level FPS is skipped when the H5 point count already equals npoints."
pcpmae,/mnt/urashima/users/minesawa/home-offload/ssl/3D-NEPA/results/object_ssl_pointmae_pcpmae/heldout_experiments/pcpmae/heldout_pb_t50_rs/pcpmae/pcpmae_pb_t50_rs_heldout_seed2026/ckpt-best.pth,scanobjectnn,pb_t50_rs,heldout_selection,clean,Top-1 (%),88.86190056800842,0.0,2882,2026,/mnt/urashima/users/minesawa/home-offload/ssl/3D-NEPA/scripts/object_ssl/eval_scanobjectnn_mae.py,3dcf4b6a299e59744adcc064c5fa5d4b2b703187,"structured_keep drops a local anchor neighborhood by retaining farthest points, matching existing PointGPT support-stress protocol; input-level FPS is skipped when the H5 point count already equals npoints."
pcpmae,/mnt/urashima/users/minesawa/home-offload/ssl/3D-NEPA/results/object_ssl_pointmae_pcpmae/heldout_experiments/pcpmae/heldout_pb_t50_rs/pcpmae/pcpmae_pb_t50_rs_heldout_seed2026/ckpt-best.pth,scanobjectnn,pb_t50_rs,heldout_selection,random_keep80,Top-1 (%),88.5496199131012,0.31228065490722656,2882,2026,/mnt/urashima/users/minesawa/home-offload/ssl/3D-NEPA/scripts/object_ssl/eval_scanobjectnn_mae.py,3dcf4b6a299e59744adcc064c5fa5d4b2b703187,"structured_keep drops a local anchor neighborhood by retaining farthest points, matching existing PointGPT support-stress protocol; input-level FPS is skipped when the H5 point count already equals npoints."
pcpmae,/mnt/urashima/users/minesawa/home-offload/ssl/3D-NEPA/results/object_ssl_pointmae_pcpmae/heldout_experiments/pcpmae/heldout_pb_t50_rs/pcpmae/pcpmae_pb_t50_rs_heldout_seed2026/ckpt-best.pth,scanobjectnn,pb_t50_rs,heldout_selection,random_keep50,Top-1 (%),82.61623978614807,6.245660781860352,2882,2026,/mnt/urashima/users/minesawa/home-offload/ssl/3D-NEPA/scripts/object_ssl/eval_scanobjectnn_mae.py,3dcf4b6a299e59744adcc064c5fa5d4b2b703187,"structured_keep drops a local anchor neighborhood by retaining farthest points, matching existing PointGPT support-stress protocol; input-level FPS is skipped when the H5 point count already equals npoints."
pcpmae,/mnt/urashima/users/minesawa/home-offload/ssl/3D-NEPA/results/object_ssl_pointmae_pcpmae/heldout_experiments/pcpmae/heldout_pb_t50_rs/pcpmae/pcpmae_pb_t50_rs_heldout_seed2026/ckpt-best.pth,scanobjectnn,pb_t50_rs,heldout_selection,random_keep20,Top-1 (%),29.909783601760864,58.95211696624756,2882,2026,/mnt/urashima/users/minesawa/home-offload/ssl/3D-NEPA/scripts/object_ssl/eval_scanobjectnn_mae.py,3dcf4b6a299e59744adcc064c5fa5d4b2b703187,"structured_keep drops a local anchor neighborhood by retaining farthest points, matching existing PointGPT support-stress protocol; input-level FPS is skipped when the H5 point count already equals npoints."
pcpmae,/mnt/urashima/users/minesawa/home-offload/ssl/3D-NEPA/results/object_ssl_pointmae_pcpmae/heldout_experiments/pcpmae/heldout_pb_t50_rs/pcpmae/pcpmae_pb_t50_rs_heldout_seed2026/ckpt-best.pth,scanobjectnn,pb_t50_rs,heldout_selection,random_keep10,Top-1 (%),15.19777923822403,73.6641213297844,2882,2026,/mnt/urashima/users/minesawa/home-offload/ssl/3D-NEPA/scripts/object_ssl/eval_scanobjectnn_mae.py,3dcf4b6a299e59744adcc064c5fa5d4b2b703187,"structured_keep drops a local anchor neighborhood by retaining farthest points, matching existing PointGPT support-stress protocol; input-level FPS is skipped when the H5 point count already equals npoints."
pcpmae,/mnt/urashima/users/minesawa/home-offload/ssl/3D-NEPA/results/object_ssl_pointmae_pcpmae/heldout_experiments/pcpmae/heldout_pb_t50_rs/pcpmae/pcpmae_pb_t50_rs_heldout_seed2026/ckpt-best.pth,scanobjectnn,pb_t50_rs,heldout_selection,structured_keep80,Top-1 (%),84.83691811561584,4.024982452392578,2882,2026,/mnt/urashima/users/minesawa/home-offload/ssl/3D-NEPA/scripts/object_ssl/eval_scanobjectnn_mae.py,3dcf4b6a299e59744adcc064c5fa5d4b2b703187,"structured_keep drops a local anchor neighborhood by retaining farthest points, matching existing PointGPT support-stress protocol; input-level FPS is skipped when the H5 point count already equals npoints."
pcpmae,/mnt/urashima/users/minesawa/home-offload/ssl/3D-NEPA/results/object_ssl_pointmae_pcpmae/heldout_experiments/pcpmae/heldout_pb_t50_rs/pcpmae/pcpmae_pb_t50_rs_heldout_seed2026/ckpt-best.pth,scanobjectnn,pb_t50_rs,heldout_selection,structured_keep50,Top-1 (%),64.71200585365295,24.14989471435547,2882,2026,/mnt/urashima/users/minesawa/home-offload/ssl/3D-NEPA/scripts/object_ssl/eval_scanobjectnn_mae.py,3dcf4b6a299e59744adcc064c5fa5d4b2b703187,"structured_keep drops a local anchor neighborhood by retaining farthest points, matching existing PointGPT support-stress protocol; input-level FPS is skipped when the H5 point count already equals npoints."
pcpmae,/mnt/urashima/users/minesawa/home-offload/ssl/3D-NEPA/results/object_ssl_pointmae_pcpmae/heldout_experiments/pcpmae/heldout_pb_t50_rs/pcpmae/pcpmae_pb_t50_rs_heldout_seed2026/ckpt-best.pth,scanobjectnn,pb_t50_rs,heldout_selection,structured_keep20,Top-1 (%),16.273421049118042,72.58847951889038,2882,2026,/mnt/urashima/users/minesawa/home-offload/ssl/3D-NEPA/scripts/object_ssl/eval_scanobjectnn_mae.py,3dcf4b6a299e59744adcc064c5fa5d4b2b703187,"structured_keep drops a local anchor neighborhood by retaining farthest points, matching existing PointGPT support-stress protocol; input-level FPS is skipped when the H5 point count already equals npoints."
pcpmae,/mnt/urashima/users/minesawa/home-offload/ssl/3D-NEPA/results/object_ssl_pointmae_pcpmae/heldout_experiments/pcpmae/heldout_pb_t50_rs/pcpmae/pcpmae_pb_t50_rs_heldout_seed2026/ckpt-best.pth,scanobjectnn,pb_t50_rs,heldout_selection,structured_keep10,Top-1 (%),10.478834062814713,78.38306650519371,2882,2026,/mnt/urashima/users/minesawa/home-offload/ssl/3D-NEPA/scripts/object_ssl/eval_scanobjectnn_mae.py,3dcf4b6a299e59744adcc064c5fa5d4b2b703187,"structured_keep drops a local anchor neighborhood by retaining farthest points, matching existing PointGPT support-stress protocol; input-level FPS is skipped when the H5 point count already equals npoints."
pcpmae,/mnt/urashima/users/minesawa/home-offload/ssl/3D-NEPA/results/object_ssl_pointmae_pcpmae/heldout_experiments/pcpmae/heldout_pb_t50_rs/pcpmae/pcpmae_pb_t50_rs_heldout_seed2026/ckpt-best.pth,scanobjectnn,pb_t50_rs,heldout_selection,xyz_zero,Top-1 (%),9.368494153022766,79.49340641498566,2882,2026,/mnt/urashima/users/minesawa/home-offload/ssl/3D-NEPA/scripts/object_ssl/eval_scanobjectnn_mae.py,3dcf4b6a299e59744adcc064c5fa5d4b2b703187,"structured_keep drops a local anchor neighborhood by retaining farthest points, matching existing PointGPT support-stress protocol; input-level FPS is skipped when the H5 point count already equals npoints."
pcpmae,/mnt/urashima/users/minesawa/home-offload/ssl/3D-NEPA/results/object_ssl_pointmae_pcpmae/checkpoints/pcpmae/pb_t50_rs/ckpt-best-90.35.pth,scanobjectnn,pb_t50_rs,official_checkpoint,clean,Top-1 (%),89.52116370201111,0.0,2882,2026,/mnt/urashima/users/minesawa/home-offload/ssl/3D-NEPA/scripts/object_ssl/eval_scanobjectnn_mae.py,3dcf4b6a299e59744adcc064c5fa5d4b2b703187,"structured_keep drops a local anchor neighborhood by retaining farthest points, matching existing PointGPT support-stress protocol; input-level FPS is skipped when the H5 point count already equals npoints."
pcpmae,/mnt/urashima/users/minesawa/home-offload/ssl/3D-NEPA/results/object_ssl_pointmae_pcpmae/checkpoints/pcpmae/pb_t50_rs/ckpt-best-90.35.pth,scanobjectnn,pb_t50_rs,official_checkpoint,random_keep80,Top-1 (%),88.72311115264893,0.7980525493621826,2882,2026,/mnt/urashima/users/minesawa/home-offload/ssl/3D-NEPA/scripts/object_ssl/eval_scanobjectnn_mae.py,3dcf4b6a299e59744adcc064c5fa5d4b2b703187,"structured_keep drops a local anchor neighborhood by retaining farthest points, matching existing PointGPT support-stress protocol; input-level FPS is skipped when the H5 point count already equals npoints."
pcpmae,/mnt/urashima/users/minesawa/home-offload/ssl/3D-NEPA/results/object_ssl_pointmae_pcpmae/checkpoints/pcpmae/pb_t50_rs/ckpt-best-90.35.pth,scanobjectnn,pb_t50_rs,official_checkpoint,random_keep50,Top-1 (%),83.44899415969849,6.072169542312622,2882,2026,/mnt/urashima/users/minesawa/home-offload/ssl/3D-NEPA/scripts/object_ssl/eval_scanobjectnn_mae.py,3dcf4b6a299e59744adcc064c5fa5d4b2b703187,"structured_keep drops a local anchor neighborhood by retaining farthest points, matching existing PointGPT support-stress protocol; input-level FPS is skipped when the H5 point count already equals npoints."
pcpmae,/mnt/urashima/users/minesawa/home-offload/ssl/3D-NEPA/results/object_ssl_pointmae_pcpmae/checkpoints/pcpmae/pb_t50_rs/ckpt-best-90.35.pth,scanobjectnn,pb_t50_rs,official_checkpoint,random_keep20,Top-1 (%),26.99514329433441,62.5260204076767,2882,2026,/mnt/urashima/users/minesawa/home-offload/ssl/3D-NEPA/scripts/object_ssl/eval_scanobjectnn_mae.py,3dcf4b6a299e59744adcc064c5fa5d4b2b703187,"structured_keep drops a local anchor neighborhood by retaining farthest points, matching existing PointGPT support-stress protocol; input-level FPS is skipped when the H5 point count already equals npoints."
pcpmae,/mnt/urashima/users/minesawa/home-offload/ssl/3D-NEPA/results/object_ssl_pointmae_pcpmae/checkpoints/pcpmae/pb_t50_rs/ckpt-best-90.35.pth,scanobjectnn,pb_t50_rs,official_checkpoint,random_keep10,Top-1 (%),14.399722218513489,75.12144148349762,2882,2026,/mnt/urashima/users/minesawa/home-offload/ssl/3D-NEPA/scripts/object_ssl/eval_scanobjectnn_mae.py,3dcf4b6a299e59744adcc064c5fa5d4b2b703187,"structured_keep drops a local anchor neighborhood by retaining farthest points, matching existing PointGPT support-stress protocol; input-level FPS is skipped when the H5 point count already equals npoints."
pcpmae,/mnt/urashima/users/minesawa/home-offload/ssl/3D-NEPA/results/object_ssl_pointmae_pcpmae/checkpoints/pcpmae/pb_t50_rs/ckpt-best-90.35.pth,scanobjectnn,pb_t50_rs,official_checkpoint,structured_keep80,Top-1 (%),86.1554503440857,3.365713357925415,2882,2026,/mnt/urashima/users/minesawa/home-offload/ssl/3D-NEPA/scripts/object_ssl/eval_scanobjectnn_mae.py,3dcf4b6a299e59744adcc064c5fa5d4b2b703187,"structured_keep drops a local anchor neighborhood by retaining farthest points, matching existing PointGPT support-stress protocol; input-level FPS is skipped when the H5 point count already equals npoints."
pcpmae,/mnt/urashima/users/minesawa/home-offload/ssl/3D-NEPA/results/object_ssl_pointmae_pcpmae/checkpoints/pcpmae/pb_t50_rs/ckpt-best-90.35.pth,scanobjectnn,pb_t50_rs,official_checkpoint,structured_keep50,Top-1 (%),64.226233959198,25.29492974281311,2882,2026,/mnt/urashima/users/minesawa/home-offload/ssl/3D-NEPA/scripts/object_ssl/eval_scanobjectnn_mae.py,3dcf4b6a299e59744adcc064c5fa5d4b2b703187,"structured_keep drops a local anchor neighborhood by retaining farthest points, matching existing PointGPT support-stress protocol; input-level FPS is skipped when the H5 point count already equals npoints."
pcpmae,/mnt/urashima/users/minesawa/home-offload/ssl/3D-NEPA/results/object_ssl_pointmae_pcpmae/checkpoints/pcpmae/pb_t50_rs/ckpt-best-90.35.pth,scanobjectnn,pb_t50_rs,official_checkpoint,structured_keep20,Top-1 (%),12.664815783500671,76.85634791851044,2882,2026,/mnt/urashima/users/minesawa/home-offload/ssl/3D-NEPA/scripts/object_ssl/eval_scanobjectnn_mae.py,3dcf4b6a299e59744adcc064c5fa5d4b2b703187,"structured_keep drops a local anchor neighborhood by retaining farthest points, matching existing PointGPT support-stress protocol; input-level FPS is skipped when the H5 point count already equals npoints."
pcpmae,/mnt/urashima/users/minesawa/home-offload/ssl/3D-NEPA/results/object_ssl_pointmae_pcpmae/checkpoints/pcpmae/pb_t50_rs/ckpt-best-90.35.pth,scanobjectnn,pb_t50_rs,official_checkpoint,structured_keep10,Top-1 (%),9.819569438695908,79.7015942633152,2882,2026,/mnt/urashima/users/minesawa/home-offload/ssl/3D-NEPA/scripts/object_ssl/eval_scanobjectnn_mae.py,3dcf4b6a299e59744adcc064c5fa5d4b2b703187,"structured_keep drops a local anchor neighborhood by retaining farthest points, matching existing PointGPT support-stress protocol; input-level FPS is skipped when the H5 point count already equals npoints."
pcpmae,/mnt/urashima/users/minesawa/home-offload/ssl/3D-NEPA/results/object_ssl_pointmae_pcpmae/checkpoints/pcpmae/pb_t50_rs/ckpt-best-90.35.pth,scanobjectnn,pb_t50_rs,official_checkpoint,xyz_zero,Top-1 (%),9.368494153022766,80.15266954898834,2882,2026,/mnt/urashima/users/minesawa/home-offload/ssl/3D-NEPA/scripts/object_ssl/eval_scanobjectnn_mae.py,3dcf4b6a299e59744adcc064c5fa5d4b2b703187,"structured_keep drops a local anchor neighborhood by retaining farthest points, matching existing PointGPT support-stress protocol; input-level FPS is skipped when the H5 point count already equals npoints."
pointmae,/mnt/urashima/users/minesawa/home-offload/ssl/3D-NEPA/results/object_ssl_pointmae_pcpmae/work/pointmae_heldout/experiments/heldout_obj_bg/pointmae/pointmae_obj_bg_heldout_seed2026/ckpt-best.pth,scanobjectnn,obj_bg,heldout_selection,clean,Top-1 (%),85.88640093803406,0.0,581,2026,/mnt/urashima/users/minesawa/home-offload/ssl/3D-NEPA/scripts/object_ssl/eval_scanobjectnn_mae.py,3dcf4b6a299e59744adcc064c5fa5d4b2b703187,"structured_keep drops a local anchor neighborhood by retaining farthest points, matching existing PointGPT support-stress protocol; input-level FPS is skipped when the H5 point count already equals npoints."
pointmae,/mnt/urashima/users/minesawa/home-offload/ssl/3D-NEPA/results/object_ssl_pointmae_pcpmae/work/pointmae_heldout/experiments/heldout_obj_bg/pointmae/pointmae_obj_bg_heldout_seed2026/ckpt-best.pth,scanobjectnn,obj_bg,heldout_selection,random_keep80,Top-1 (%),85.71428656578064,0.17211437225341797,581,2026,/mnt/urashima/users/minesawa/home-offload/ssl/3D-NEPA/scripts/object_ssl/eval_scanobjectnn_mae.py,3dcf4b6a299e59744adcc064c5fa5d4b2b703187,"structured_keep drops a local anchor neighborhood by retaining farthest points, matching existing PointGPT support-stress protocol; input-level FPS is skipped when the H5 point count already equals npoints."
pointmae,/mnt/urashima/users/minesawa/home-offload/ssl/3D-NEPA/results/object_ssl_pointmae_pcpmae/work/pointmae_heldout/experiments/heldout_obj_bg/pointmae/pointmae_obj_bg_heldout_seed2026/ckpt-best.pth,scanobjectnn,obj_bg,heldout_selection,random_keep50,Top-1 (%),85.37005186080933,0.5163490772247314,581,2026,/mnt/urashima/users/minesawa/home-offload/ssl/3D-NEPA/scripts/object_ssl/eval_scanobjectnn_mae.py,3dcf4b6a299e59744adcc064c5fa5d4b2b703187,"structured_keep drops a local anchor neighborhood by retaining farthest points, matching existing PointGPT support-stress protocol; input-level FPS is skipped when the H5 point count already equals npoints."
pointmae,/mnt/urashima/users/minesawa/home-offload/ssl/3D-NEPA/results/object_ssl_pointmae_pcpmae/work/pointmae_heldout/experiments/heldout_obj_bg/pointmae/pointmae_obj_bg_heldout_seed2026/ckpt-best.pth,scanobjectnn,obj_bg,heldout_selection,random_keep20,Top-1 (%),71.6006875038147,14.28571343421936,581,2026,/mnt/urashima/users/minesawa/home-offload/ssl/3D-NEPA/scripts/object_ssl/eval_scanobjectnn_mae.py,3dcf4b6a299e59744adcc064c5fa5d4b2b703187,"structured_keep drops a local anchor neighborhood by retaining farthest points, matching existing PointGPT support-stress protocol; input-level FPS is skipped when the H5 point count already equals npoints."
pointmae,/mnt/urashima/users/minesawa/home-offload/ssl/3D-NEPA/results/object_ssl_pointmae_pcpmae/work/pointmae_heldout/experiments/heldout_obj_bg/pointmae/pointmae_obj_bg_heldout_seed2026/ckpt-best.pth,scanobjectnn,obj_bg,heldout_selection,random_keep10,Top-1 (%),37.177279591560364,48.709121346473694,581,2026,/mnt/urashima/users/minesawa/home-offload/ssl/3D-NEPA/scripts/object_ssl/eval_scanobjectnn_mae.py,3dcf4b6a299e59744adcc064c5fa5d4b2b703187,"structured_keep drops a local anchor neighborhood by retaining farthest points, matching existing PointGPT support-stress protocol; input-level FPS is skipped when the H5 point count already equals npoints."
pointmae,/mnt/urashima/users/minesawa/home-offload/ssl/3D-NEPA/results/object_ssl_pointmae_pcpmae/work/pointmae_heldout/experiments/heldout_obj_bg/pointmae/pointmae_obj_bg_heldout_seed2026/ckpt-best.pth,scanobjectnn,obj_bg,heldout_selection,structured_keep80,Top-1 (%),82.27194547653198,3.614455461502075,581,2026,/mnt/urashima/users/minesawa/home-offload/ssl/3D-NEPA/scripts/object_ssl/eval_scanobjectnn_mae.py,3dcf4b6a299e59744adcc064c5fa5d4b2b703187,"structured_keep drops a local anchor neighborhood by retaining farthest points, matching existing PointGPT support-stress protocol; input-level FPS is skipped when the H5 point count already equals npoints."
pointmae,/mnt/urashima/users/minesawa/home-offload/ssl/3D-NEPA/results/object_ssl_pointmae_pcpmae/work/pointmae_heldout/experiments/heldout_obj_bg/pointmae/pointmae_obj_bg_heldout_seed2026/ckpt-best.pth,scanobjectnn,obj_bg,heldout_selection,structured_keep50,Top-1 (%),68.15834641456604,17.728054523468018,581,2026,/mnt/urashima/users/minesawa/home-offload/ssl/3D-NEPA/scripts/object_ssl/eval_scanobjectnn_mae.py,3dcf4b6a299e59744adcc064c5fa5d4b2b703187,"structured_keep drops a local anchor neighborhood by retaining farthest points, matching existing PointGPT support-stress protocol; input-level FPS is skipped when the H5 point count already equals npoints."
pointmae,/mnt/urashima/users/minesawa/home-offload/ssl/3D-NEPA/results/object_ssl_pointmae_pcpmae/work/pointmae_heldout/experiments/heldout_obj_bg/pointmae/pointmae_obj_bg_heldout_seed2026/ckpt-best.pth,scanobjectnn,obj_bg,heldout_selection,structured_keep20,Top-1 (%),29.08777892589569,56.79862201213837,581,2026,/mnt/urashima/users/minesawa/home-offload/ssl/3D-NEPA/scripts/object_ssl/eval_scanobjectnn_mae.py,3dcf4b6a299e59744adcc064c5fa5d4b2b703187,"structured_keep drops a local anchor neighborhood by retaining farthest points, matching existing PointGPT support-stress protocol; input-level FPS is skipped when the H5 point count already equals npoints."
pointmae,/mnt/urashima/users/minesawa/home-offload/ssl/3D-NEPA/results/object_ssl_pointmae_pcpmae/work/pointmae_heldout/experiments/heldout_obj_bg/pointmae/pointmae_obj_bg_heldout_seed2026/ckpt-best.pth,scanobjectnn,obj_bg,heldout_selection,structured_keep10,Top-1 (%),15.146300196647644,70.74010074138641,581,2026,/mnt/urashima/users/minesawa/home-offload/ssl/3D-NEPA/scripts/object_ssl/eval_scanobjectnn_mae.py,3dcf4b6a299e59744adcc064c5fa5d4b2b703187,"structured_keep drops a local anchor neighborhood by retaining farthest points, matching existing PointGPT support-stress protocol; input-level FPS is skipped when the H5 point count already equals npoints."
pointmae,/mnt/urashima/users/minesawa/home-offload/ssl/3D-NEPA/results/object_ssl_pointmae_pcpmae/work/pointmae_heldout/experiments/heldout_obj_bg/pointmae/pointmae_obj_bg_heldout_seed2026/ckpt-best.pth,scanobjectnn,obj_bg,heldout_selection,xyz_zero,Top-1 (%),7.2289153933525085,78.65748554468155,581,2026,/mnt/urashima/users/minesawa/home-offload/ssl/3D-NEPA/scripts/object_ssl/eval_scanobjectnn_mae.py,3dcf4b6a299e59744adcc064c5fa5d4b2b703187,"structured_keep drops a local anchor neighborhood by retaining farthest points, matching existing PointGPT support-stress protocol; input-level FPS is skipped when the H5 point count already equals npoints."
pointmae,/mnt/urashima/users/minesawa/home-offload/ssl/3D-NEPA/results/object_ssl_pointmae_pcpmae/checkpoints/pointmae/scan_objonly.pth,scanobjectnn,obj_bg,official_checkpoint,clean,Top-1 (%),89.32874202728271,0.0,581,2026,/mnt/urashima/users/minesawa/home-offload/ssl/3D-NEPA/scripts/object_ssl/eval_scanobjectnn_mae.py,3dcf4b6a299e59744adcc064c5fa5d4b2b703187,"structured_keep drops a local anchor neighborhood by retaining farthest points, matching existing PointGPT support-stress protocol; input-level FPS is skipped when the H5 point count already equals npoints."
pointmae,/mnt/urashima/users/minesawa/home-offload/ssl/3D-NEPA/results/object_ssl_pointmae_pcpmae/checkpoints/pointmae/scan_objonly.pth,scanobjectnn,obj_bg,official_checkpoint,random_keep80,Top-1 (%),89.32874202728271,0.0,581,2026,/mnt/urashima/users/minesawa/home-offload/ssl/3D-NEPA/scripts/object_ssl/eval_scanobjectnn_mae.py,3dcf4b6a299e59744adcc064c5fa5d4b2b703187,"structured_keep drops a local anchor neighborhood by retaining farthest points, matching existing PointGPT support-stress protocol; input-level FPS is skipped when the H5 point count already equals npoints."
pointmae,/mnt/urashima/users/minesawa/home-offload/ssl/3D-NEPA/results/object_ssl_pointmae_pcpmae/checkpoints/pointmae/scan_objonly.pth,scanobjectnn,obj_bg,official_checkpoint,random_keep50,Top-1 (%),87.95180916786194,1.3769328594207764,581,2026,/mnt/urashima/users/minesawa/home-offload/ssl/3D-NEPA/scripts/object_ssl/eval_scanobjectnn_mae.py,3dcf4b6a299e59744adcc064c5fa5d4b2b703187,"structured_keep drops a local anchor neighborhood by retaining farthest points, matching existing PointGPT support-stress protocol; input-level FPS is skipped when the H5 point count already equals npoints."
pointmae,/mnt/urashima/users/minesawa/home-offload/ssl/3D-NEPA/results/object_ssl_pointmae_pcpmae/checkpoints/pointmae/scan_objonly.pth,scanobjectnn,obj_bg,official_checkpoint,random_keep20,Top-1 (%),73.838210105896,15.490531921386719,581,2026,/mnt/urashima/users/minesawa/home-offload/ssl/3D-NEPA/scripts/object_ssl/eval_scanobjectnn_mae.py,3dcf4b6a299e59744adcc064c5fa5d4b2b703187,"structured_keep drops a local anchor neighborhood by retaining farthest points, matching existing PointGPT support-stress protocol; input-level FPS is skipped when the H5 point count already equals npoints."
pointmae,/mnt/urashima/users/minesawa/home-offload/ssl/3D-NEPA/results/object_ssl_pointmae_pcpmae/checkpoints/pointmae/scan_objonly.pth,scanobjectnn,obj_bg,official_checkpoint,random_keep10,Top-1 (%),44.750431180000305,44.57831084728241,581,2026,/mnt/urashima/users/minesawa/home-offload/ssl/3D-NEPA/scripts/object_ssl/eval_scanobjectnn_mae.py,3dcf4b6a299e59744adcc064c5fa5d4b2b703187,"structured_keep drops a local anchor neighborhood by retaining farthest points, matching existing PointGPT support-stress protocol; input-level FPS is skipped when the H5 point count already equals npoints."
pointmae,/mnt/urashima/users/minesawa/home-offload/ssl/3D-NEPA/results/object_ssl_pointmae_pcpmae/checkpoints/pointmae/scan_objonly.pth,scanobjectnn,obj_bg,official_checkpoint,structured_keep80,Top-1 (%),87.43545413017273,1.8932878971099854,581,2026,/mnt/urashima/users/minesawa/home-offload/ssl/3D-NEPA/scripts/object_ssl/eval_scanobjectnn_mae.py,3dcf4b6a299e59744adcc064c5fa5d4b2b703187,"structured_keep drops a local anchor neighborhood by retaining farthest points, matching existing PointGPT support-stress protocol; input-level FPS is skipped when the H5 point count already equals npoints."
pointmae,/mnt/urashima/users/minesawa/home-offload/ssl/3D-NEPA/results/object_ssl_pointmae_pcpmae/checkpoints/pointmae/scan_objonly.pth,scanobjectnn,obj_bg,official_checkpoint,structured_keep50,Top-1 (%),72.63339161872864,16.695350408554077,581,2026,/mnt/urashima/users/minesawa/home-offload/ssl/3D-NEPA/scripts/object_ssl/eval_scanobjectnn_mae.py,3dcf4b6a299e59744adcc064c5fa5d4b2b703187,"structured_keep drops a local anchor neighborhood by retaining farthest points, matching existing PointGPT support-stress protocol; input-level FPS is skipped when the H5 point count already equals npoints."
pointmae,/mnt/urashima/users/minesawa/home-offload/ssl/3D-NEPA/results/object_ssl_pointmae_pcpmae/checkpoints/pointmae/scan_objonly.pth,scanobjectnn,obj_bg,official_checkpoint,structured_keep20,Top-1 (%),31.669536232948303,57.65920579433441,581,2026,/mnt/urashima/users/minesawa/home-offload/ssl/3D-NEPA/scripts/object_ssl/eval_scanobjectnn_mae.py,3dcf4b6a299e59744adcc064c5fa5d4b2b703187,"structured_keep drops a local anchor neighborhood by retaining farthest points, matching existing PointGPT support-stress protocol; input-level FPS is skipped when the H5 point count already equals npoints."
pointmae,/mnt/urashima/users/minesawa/home-offload/ssl/3D-NEPA/results/object_ssl_pointmae_pcpmae/checkpoints/pointmae/scan_objonly.pth,scanobjectnn,obj_bg,official_checkpoint,structured_keep10,Top-1 (%),16.867469251155853,72.46127277612686,581,2026,/mnt/urashima/users/minesawa/home-offload/ssl/3D-NEPA/scripts/object_ssl/eval_scanobjectnn_mae.py,3dcf4b6a299e59744adcc064c5fa5d4b2b703187,"structured_keep drops a local anchor neighborhood by retaining farthest points, matching existing PointGPT support-stress protocol; input-level FPS is skipped when the H5 point count already equals npoints."
pointmae,/mnt/urashima/users/minesawa/home-offload/ssl/3D-NEPA/results/object_ssl_pointmae_pcpmae/checkpoints/pointmae/scan_objonly.pth,scanobjectnn,obj_bg,official_checkpoint,xyz_zero,Top-1 (%),7.2289153933525085,82.0998266339302,581,2026,/mnt/urashima/users/minesawa/home-offload/ssl/3D-NEPA/scripts/object_ssl/eval_scanobjectnn_mae.py,3dcf4b6a299e59744adcc064c5fa5d4b2b703187,"structured_keep drops a local anchor neighborhood by retaining farthest points, matching existing PointGPT support-stress protocol; input-level FPS is skipped when the H5 point count already equals npoints."
pointmae,/mnt/urashima/users/minesawa/home-offload/ssl/3D-NEPA/results/object_ssl_pointmae_pcpmae/work/pointmae_heldout/experiments/heldout_obj_only/pointmae/pointmae_obj_only_heldout_seed2026/ckpt-best.pth,scanobjectnn,obj_only,heldout_selection,clean,Top-1 (%),86.40275597572327,0.0,581,2026,/mnt/urashima/users/minesawa/home-offload/ssl/3D-NEPA/scripts/object_ssl/eval_scanobjectnn_mae.py,3dcf4b6a299e59744adcc064c5fa5d4b2b703187,"structured_keep drops a local anchor neighborhood by retaining farthest points, matching existing PointGPT support-stress protocol; input-level FPS is skipped when the H5 point count already equals npoints."
pointmae,/mnt/urashima/users/minesawa/home-offload/ssl/3D-NEPA/results/object_ssl_pointmae_pcpmae/work/pointmae_heldout/experiments/heldout_obj_only/pointmae/pointmae_obj_only_heldout_seed2026/ckpt-best.pth,scanobjectnn,obj_only,heldout_selection,random_keep80,Top-1 (%),86.57487034797668,-0.17211437225341797,581,2026,/mnt/urashima/users/minesawa/home-offload/ssl/3D-NEPA/scripts/object_ssl/eval_scanobjectnn_mae.py,3dcf4b6a299e59744adcc064c5fa5d4b2b703187,"structured_keep drops a local anchor neighborhood by retaining farthest points, matching existing PointGPT support-stress protocol; input-level FPS is skipped when the H5 point count already equals npoints."
pointmae,/mnt/urashima/users/minesawa/home-offload/ssl/3D-NEPA/results/object_ssl_pointmae_pcpmae/work/pointmae_heldout/experiments/heldout_obj_only/pointmae/pointmae_obj_only_heldout_seed2026/ckpt-best.pth,scanobjectnn,obj_only,heldout_selection,random_keep50,Top-1 (%),85.54216623306274,0.8605897426605225,581,2026,/mnt/urashima/users/minesawa/home-offload/ssl/3D-NEPA/scripts/object_ssl/eval_scanobjectnn_mae.py,3dcf4b6a299e59744adcc064c5fa5d4b2b703187,"structured_keep drops a local anchor neighborhood by retaining farthest points, matching existing PointGPT support-stress protocol; input-level FPS is skipped when the H5 point count already equals npoints."
pointmae,/mnt/urashima/users/minesawa/home-offload/ssl/3D-NEPA/results/object_ssl_pointmae_pcpmae/work/pointmae_heldout/experiments/heldout_obj_only/pointmae/pointmae_obj_only_heldout_seed2026/ckpt-best.pth,scanobjectnn,obj_only,heldout_selection,random_keep20,Top-1 (%),70.22375464439392,16.179001331329346,581,2026,/mnt/urashima/users/minesawa/home-offload/ssl/3D-NEPA/scripts/object_ssl/eval_scanobjectnn_mae.py,3dcf4b6a299e59744adcc064c5fa5d4b2b703187,"structured_keep drops a local anchor neighborhood by retaining farthest points, matching existing PointGPT support-stress protocol; input-level FPS is skipped when the H5 point count already equals npoints."
pointmae,/mnt/urashima/users/minesawa/home-offload/ssl/3D-NEPA/results/object_ssl_pointmae_pcpmae/work/pointmae_heldout/experiments/heldout_obj_only/pointmae/pointmae_obj_only_heldout_seed2026/ckpt-best.pth,scanobjectnn,obj_only,heldout_selection,random_keep10,Top-1 (%),39.759036898612976,46.64371907711029,581,2026,/mnt/urashima/users/minesawa/home-offload/ssl/3D-NEPA/scripts/object_ssl/eval_scanobjectnn_mae.py,3dcf4b6a299e59744adcc064c5fa5d4b2b703187,"structured_keep drops a local anchor neighborhood by retaining farthest points, matching existing PointGPT support-stress protocol; input-level FPS is skipped when the H5 point count already equals npoints."
pointmae,/mnt/urashima/users/minesawa/home-offload/ssl/3D-NEPA/results/object_ssl_pointmae_pcpmae/work/pointmae_heldout/experiments/heldout_obj_only/pointmae/pointmae_obj_only_heldout_seed2026/ckpt-best.pth,scanobjectnn,obj_only,heldout_selection,structured_keep80,Top-1 (%),83.47676396369934,2.925992012023926,581,2026,/mnt/urashima/users/minesawa/home-offload/ssl/3D-NEPA/scripts/object_ssl/eval_scanobjectnn_mae.py,3dcf4b6a299e59744adcc064c5fa5d4b2b703187,"structured_keep drops a local anchor neighborhood by retaining farthest points, matching existing PointGPT support-stress protocol; input-level FPS is skipped when the H5 point count already equals npoints."
pointmae,/mnt/urashima/users/minesawa/home-offload/ssl/3D-NEPA/results/object_ssl_pointmae_pcpmae/work/pointmae_heldout/experiments/heldout_obj_only/pointmae/pointmae_obj_only_heldout_seed2026/ckpt-best.pth,scanobjectnn,obj_only,heldout_selection,structured_keep50,Top-1 (%),67.46987700462341,18.932878971099854,581,2026,/mnt/urashima/users/minesawa/home-offload/ssl/3D-NEPA/scripts/object_ssl/eval_scanobjectnn_mae.py,3dcf4b6a299e59744adcc064c5fa5d4b2b703187,"structured_keep drops a local anchor neighborhood by retaining farthest points, matching existing PointGPT support-stress protocol; input-level FPS is skipped when the H5 point count already equals npoints."
pointmae,/mnt/urashima/users/minesawa/home-offload/ssl/3D-NEPA/results/object_ssl_pointmae_pcpmae/work/pointmae_heldout/experiments/heldout_obj_only/pointmae/pointmae_obj_only_heldout_seed2026/ckpt-best.pth,scanobjectnn,obj_only,heldout_selection,structured_keep20,Top-1 (%),32.185885310173035,54.21687066555023,581,2026,/mnt/urashima/users/minesawa/home-offload/ssl/3D-NEPA/scripts/object_ssl/eval_scanobjectnn_mae.py,3dcf4b6a299e59744adcc064c5fa5d4b2b703187,"structured_keep drops a local anchor neighborhood by retaining farthest points, matching existing PointGPT support-stress protocol; input-level FPS is skipped when the H5 point count already equals npoints."
pointmae,/mnt/urashima/users/minesawa/home-offload/ssl/3D-NEPA/results/object_ssl_pointmae_pcpmae/work/pointmae_heldout/experiments/heldout_obj_only/pointmae/pointmae_obj_only_heldout_seed2026/ckpt-best.pth,scanobjectnn,obj_only,heldout_selection,structured_keep10,Top-1 (%),15.318416059017181,71.08433991670609,581,2026,/mnt/urashima/users/minesawa/home-offload/ssl/3D-NEPA/scripts/object_ssl/eval_scanobjectnn_mae.py,3dcf4b6a299e59744adcc064c5fa5d4b2b703187,"structured_keep drops a local anchor neighborhood by retaining farthest points, matching existing PointGPT support-stress protocol; input-level FPS is skipped when the H5 point count already equals npoints."
pointmae,/mnt/urashima/users/minesawa/home-offload/ssl/3D-NEPA/results/object_ssl_pointmae_pcpmae/work/pointmae_heldout/experiments/heldout_obj_only/pointmae/pointmae_obj_only_heldout_seed2026/ckpt-best.pth,scanobjectnn,obj_only,heldout_selection,xyz_zero,Top-1 (%),7.2289153933525085,79.17384058237076,581,2026,/mnt/urashima/users/minesawa/home-offload/ssl/3D-NEPA/scripts/object_ssl/eval_scanobjectnn_mae.py,3dcf4b6a299e59744adcc064c5fa5d4b2b703187,"structured_keep drops a local anchor neighborhood by retaining farthest points, matching existing PointGPT support-stress protocol; input-level FPS is skipped when the H5 point count already equals npoints."
pointmae,/mnt/urashima/users/minesawa/home-offload/ssl/3D-NEPA/results/object_ssl_pointmae_pcpmae/checkpoints/pointmae/scan_objbg.pth,scanobjectnn,obj_only,official_checkpoint,clean,Top-1 (%),86.74699068069458,0.0,581,2026,/mnt/urashima/users/minesawa/home-offload/ssl/3D-NEPA/scripts/object_ssl/eval_scanobjectnn_mae.py,3dcf4b6a299e59744adcc064c5fa5d4b2b703187,"structured_keep drops a local anchor neighborhood by retaining farthest points, matching existing PointGPT support-stress protocol; input-level FPS is skipped when the H5 point count already equals npoints."
pointmae,/mnt/urashima/users/minesawa/home-offload/ssl/3D-NEPA/results/object_ssl_pointmae_pcpmae/checkpoints/pointmae/scan_objbg.pth,scanobjectnn,obj_only,official_checkpoint,random_keep80,Top-1 (%),86.57487034797668,0.1721203327178955,581,2026,/mnt/urashima/users/minesawa/home-offload/ssl/3D-NEPA/scripts/object_ssl/eval_scanobjectnn_mae.py,3dcf4b6a299e59744adcc064c5fa5d4b2b703187,"structured_keep drops a local anchor neighborhood by retaining farthest points, matching existing PointGPT support-stress protocol; input-level FPS is skipped when the H5 point count already equals npoints."
pointmae,/mnt/urashima/users/minesawa/home-offload/ssl/3D-NEPA/results/object_ssl_pointmae_pcpmae/checkpoints/pointmae/scan_objbg.pth,scanobjectnn,obj_only,official_checkpoint,random_keep50,Top-1 (%),86.23063564300537,0.516355037689209,581,2026,/mnt/urashima/users/minesawa/home-offload/ssl/3D-NEPA/scripts/object_ssl/eval_scanobjectnn_mae.py,3dcf4b6a299e59744adcc064c5fa5d4b2b703187,"structured_keep drops a local anchor neighborhood by retaining farthest points, matching existing PointGPT support-stress protocol; input-level FPS is skipped when the H5 point count already equals npoints."
pointmae,/mnt/urashima/users/minesawa/home-offload/ssl/3D-NEPA/results/object_ssl_pointmae_pcpmae/checkpoints/pointmae/scan_objbg.pth,scanobjectnn,obj_only,official_checkpoint,random_keep20,Top-1 (%),75.21514892578125,11.53184175491333,581,2026,/mnt/urashima/users/minesawa/home-offload/ssl/3D-NEPA/scripts/object_ssl/eval_scanobjectnn_mae.py,3dcf4b6a299e59744adcc064c5fa5d4b2b703187,"structured_keep drops a local anchor neighborhood by retaining farthest points, matching existing PointGPT support-stress protocol; input-level FPS is skipped when the H5 point count already equals npoints."
pointmae,/mnt/urashima/users/minesawa/home-offload/ssl/3D-NEPA/results/object_ssl_pointmae_pcpmae/checkpoints/pointmae/scan_objbg.pth,scanobjectnn,obj_only,official_checkpoint,random_keep10,Top-1 (%),44.234079122543335,42.512911558151245,581,2026,/mnt/urashima/users/minesawa/home-offload/ssl/3D-NEPA/scripts/object_ssl/eval_scanobjectnn_mae.py,3dcf4b6a299e59744adcc064c5fa5d4b2b703187,"structured_keep drops a local anchor neighborhood by retaining farthest points, matching existing PointGPT support-stress protocol; input-level FPS is skipped when the H5 point count already equals npoints."
pointmae,/mnt/urashima/users/minesawa/home-offload/ssl/3D-NEPA/results/object_ssl_pointmae_pcpmae/checkpoints/pointmae/scan_objbg.pth,scanobjectnn,obj_only,official_checkpoint,structured_keep80,Top-1 (%),84.8537027835846,1.8932878971099854,581,2026,/mnt/urashima/users/minesawa/home-offload/ssl/3D-NEPA/scripts/object_ssl/eval_scanobjectnn_mae.py,3dcf4b6a299e59744adcc064c5fa5d4b2b703187,"structured_keep drops a local anchor neighborhood by retaining farthest points, matching existing PointGPT support-stress protocol; input-level FPS is skipped when the H5 point count already equals npoints."
pointmae,/mnt/urashima/users/minesawa/home-offload/ssl/3D-NEPA/results/object_ssl_pointmae_pcpmae/checkpoints/pointmae/scan_objbg.pth,scanobjectnn,obj_only,official_checkpoint,structured_keep50,Top-1 (%),71.42857313156128,15.3184175491333,581,2026,/mnt/urashima/users/minesawa/home-offload/ssl/3D-NEPA/scripts/object_ssl/eval_scanobjectnn_mae.py,3dcf4b6a299e59744adcc064c5fa5d4b2b703187,"structured_keep drops a local anchor neighborhood by retaining farthest points, matching existing PointGPT support-stress protocol; input-level FPS is skipped when the H5 point count already equals npoints."
pointmae,/mnt/urashima/users/minesawa/home-offload/ssl/3D-NEPA/results/object_ssl_pointmae_pcpmae/checkpoints/pointmae/scan_objbg.pth,scanobjectnn,obj_only,official_checkpoint,structured_keep20,Top-1 (%),33.90705585479736,52.83993482589722,581,2026,/mnt/urashima/users/minesawa/home-offload/ssl/3D-NEPA/scripts/object_ssl/eval_scanobjectnn_mae.py,3dcf4b6a299e59744adcc064c5fa5d4b2b703187,"structured_keep drops a local anchor neighborhood by retaining farthest points, matching existing PointGPT support-stress protocol; input-level FPS is skipped when the H5 point count already equals npoints."
pointmae,/mnt/urashima/users/minesawa/home-offload/ssl/3D-NEPA/results/object_ssl_pointmae_pcpmae/checkpoints/pointmae/scan_objbg.pth,scanobjectnn,obj_only,official_checkpoint,structured_keep10,Top-1 (%),15.146300196647644,71.60069048404694,581,2026,/mnt/urashima/users/minesawa/home-offload/ssl/3D-NEPA/scripts/object_ssl/eval_scanobjectnn_mae.py,3dcf4b6a299e59744adcc064c5fa5d4b2b703187,"structured_keep drops a local anchor neighborhood by retaining farthest points, matching existing PointGPT support-stress protocol; input-level FPS is skipped when the H5 point count already equals npoints."
pointmae,/mnt/urashima/users/minesawa/home-offload/ssl/3D-NEPA/results/object_ssl_pointmae_pcpmae/checkpoints/pointmae/scan_objbg.pth,scanobjectnn,obj_only,official_checkpoint,xyz_zero,Top-1 (%),7.2289153933525085,79.51807528734207,581,2026,/mnt/urashima/users/minesawa/home-offload/ssl/3D-NEPA/scripts/object_ssl/eval_scanobjectnn_mae.py,3dcf4b6a299e59744adcc064c5fa5d4b2b703187,"structured_keep drops a local anchor neighborhood by retaining farthest points, matching existing PointGPT support-stress protocol; input-level FPS is skipped when the H5 point count already equals npoints."
pointmae,/mnt/urashima/users/minesawa/home-offload/ssl/3D-NEPA/results/object_ssl_pointmae_pcpmae/work/pointmae_heldout/experiments/heldout_pb_t50_rs/pointmae/pointmae_pb_t50_rs_heldout_seed2026/ckpt-best.pth,scanobjectnn,pb_t50_rs,heldout_selection,clean,Top-1 (%),83.10201168060303,0.0,2882,2026,/mnt/urashima/users/minesawa/home-offload/ssl/3D-NEPA/scripts/object_ssl/eval_scanobjectnn_mae.py,3dcf4b6a299e59744adcc064c5fa5d4b2b703187,"structured_keep drops a local anchor neighborhood by retaining farthest points, matching existing PointGPT support-stress protocol; input-level FPS is skipped when the H5 point count already equals npoints."
pointmae,/mnt/urashima/users/minesawa/home-offload/ssl/3D-NEPA/results/object_ssl_pointmae_pcpmae/work/pointmae_heldout/experiments/heldout_pb_t50_rs/pointmae/pointmae_pb_t50_rs_heldout_seed2026/ckpt-best.pth,scanobjectnn,pb_t50_rs,heldout_selection,random_keep80,Top-1 (%),82.7897310256958,0.31228065490722656,2882,2026,/mnt/urashima/users/minesawa/home-offload/ssl/3D-NEPA/scripts/object_ssl/eval_scanobjectnn_mae.py,3dcf4b6a299e59744adcc064c5fa5d4b2b703187,"structured_keep drops a local anchor neighborhood by retaining farthest points, matching existing PointGPT support-stress protocol; input-level FPS is skipped when the H5 point count already equals npoints."
pointmae,/mnt/urashima/users/minesawa/home-offload/ssl/3D-NEPA/results/object_ssl_pointmae_pcpmae/work/pointmae_heldout/experiments/heldout_pb_t50_rs/pointmae/pointmae_pb_t50_rs_heldout_seed2026/ckpt-best.pth,scanobjectnn,pb_t50_rs,heldout_selection,random_keep50,Top-1 (%),81.67939186096191,1.4226198196411133,2882,2026,/mnt/urashima/users/minesawa/home-offload/ssl/3D-NEPA/scripts/object_ssl/eval_scanobjectnn_mae.py,3dcf4b6a299e59744adcc064c5fa5d4b2b703187,"structured_keep drops a local anchor neighborhood by retaining farthest points, matching existing PointGPT support-stress protocol; input-level FPS is skipped when the H5 point count already equals npoints."
pointmae,/mnt/urashima/users/minesawa/home-offload/ssl/3D-NEPA/results/object_ssl_pointmae_pcpmae/work/pointmae_heldout/experiments/heldout_pb_t50_rs/pointmae/pointmae_pb_t50_rs_heldout_seed2026/ckpt-best.pth,scanobjectnn,pb_t50_rs,heldout_selection,random_keep20,Top-1 (%),64.43442106246948,18.667590618133545,2882,2026,/mnt/urashima/users/minesawa/home-offload/ssl/3D-NEPA/scripts/object_ssl/eval_scanobjectnn_mae.py,3dcf4b6a299e59744adcc064c5fa5d4b2b703187,"structured_keep drops a local anchor neighborhood by retaining farthest points, matching existing PointGPT support-stress protocol; input-level FPS is skipped when the H5 point count already equals npoints."
pointmae,/mnt/urashima/users/minesawa/home-offload/ssl/3D-NEPA/results/object_ssl_pointmae_pcpmae/work/pointmae_heldout/experiments/heldout_pb_t50_rs/pointmae/pointmae_pb_t50_rs_heldout_seed2026/ckpt-best.pth,scanobjectnn,pb_t50_rs,heldout_selection,random_keep10,Top-1 (%),21.200555562973022,61.901456117630005,2882,2026,/mnt/urashima/users/minesawa/home-offload/ssl/3D-NEPA/scripts/object_ssl/eval_scanobjectnn_mae.py,3dcf4b6a299e59744adcc064c5fa5d4b2b703187,"structured_keep drops a local anchor neighborhood by retaining farthest points, matching existing PointGPT support-stress protocol; input-level FPS is skipped when the H5 point count already equals npoints."
pointmae,/mnt/urashima/users/minesawa/home-offload/ssl/3D-NEPA/results/object_ssl_pointmae_pcpmae/work/pointmae_heldout/experiments/heldout_pb_t50_rs/pointmae/pointmae_pb_t50_rs_heldout_seed2026/ckpt-best.pth,scanobjectnn,pb_t50_rs,heldout_selection,structured_keep80,Top-1 (%),81.02012276649475,2.0818889141082764,2882,2026,/mnt/urashima/users/minesawa/home-offload/ssl/3D-NEPA/scripts/object_ssl/eval_scanobjectnn_mae.py,3dcf4b6a299e59744adcc064c5fa5d4b2b703187,"structured_keep drops a local anchor neighborhood by retaining farthest points, matching existing PointGPT support-stress protocol; input-level FPS is skipped when the H5 point count already equals npoints."
pointmae,/mnt/urashima/users/minesawa/home-offload/ssl/3D-NEPA/results/object_ssl_pointmae_pcpmae/work/pointmae_heldout/experiments/heldout_pb_t50_rs/pointmae/pointmae_pb_t50_rs_heldout_seed2026/ckpt-best.pth,scanobjectnn,pb_t50_rs,heldout_selection,structured_keep50,Top-1 (%),67.83483624458313,15.267175436019897,2882,2026,/mnt/urashima/users/minesawa/home-offload/ssl/3D-NEPA/scripts/object_ssl/eval_scanobjectnn_mae.py,3dcf4b6a299e59744adcc064c5fa5d4b2b703187,"structured_keep drops a local anchor neighborhood by retaining farthest points, matching existing PointGPT support-stress protocol; input-level FPS is skipped when the H5 point count already equals npoints."
pointmae,/mnt/urashima/users/minesawa/home-offload/ssl/3D-NEPA/results/object_ssl_pointmae_pcpmae/work/pointmae_heldout/experiments/heldout_pb_t50_rs/pointmae/pointmae_pb_t50_rs_heldout_seed2026/ckpt-best.pth,scanobjectnn,pb_t50_rs,heldout_selection,structured_keep20,Top-1 (%),29.632198810577393,53.469812870025635,2882,2026,/mnt/urashima/users/minesawa/home-offload/ssl/3D-NEPA/scripts/object_ssl/eval_scanobjectnn_mae.py,3dcf4b6a299e59744adcc064c5fa5d4b2b703187,"structured_keep drops a local anchor neighborhood by retaining farthest points, matching existing PointGPT support-stress protocol; input-level FPS is skipped when the H5 point count already equals npoints."
pointmae,/mnt/urashima/users/minesawa/home-offload/ssl/3D-NEPA/results/object_ssl_pointmae_pcpmae/work/pointmae_heldout/experiments/heldout_pb_t50_rs/pointmae/pointmae_pb_t50_rs_heldout_seed2026/ckpt-best.pth,scanobjectnn,pb_t50_rs,heldout_selection,structured_keep10,Top-1 (%),13.497571647167206,69.60444003343582,2882,2026,/mnt/urashima/users/minesawa/home-offload/ssl/3D-NEPA/scripts/object_ssl/eval_scanobjectnn_mae.py,3dcf4b6a299e59744adcc064c5fa5d4b2b703187,"structured_keep drops a local anchor neighborhood by retaining farthest points, matching existing PointGPT support-stress protocol; input-level FPS is skipped when the H5 point count already equals npoints."
pointmae,/mnt/urashima/users/minesawa/home-offload/ssl/3D-NEPA/results/object_ssl_pointmae_pcpmae/work/pointmae_heldout/experiments/heldout_pb_t50_rs/pointmae/pointmae_pb_t50_rs_heldout_seed2026/ckpt-best.pth,scanobjectnn,pb_t50_rs,heldout_selection,xyz_zero,Top-1 (%),7.078418135643005,76.02359354496002,2882,2026,/mnt/urashima/users/minesawa/home-offload/ssl/3D-NEPA/scripts/object_ssl/eval_scanobjectnn_mae.py,3dcf4b6a299e59744adcc064c5fa5d4b2b703187,"structured_keep drops a local anchor neighborhood by retaining farthest points, matching existing PointGPT support-stress protocol; input-level FPS is skipped when the H5 point count already equals npoints."
pointmae,/mnt/urashima/users/minesawa/home-offload/ssl/3D-NEPA/results/object_ssl_pointmae_pcpmae/checkpoints/pointmae/scan_hardest.pth,scanobjectnn,pb_t50_rs,official_checkpoint,clean,Top-1 (%),84.80222225189209,0.0,2882,2026,/mnt/urashima/users/minesawa/home-offload/ssl/3D-NEPA/scripts/object_ssl/eval_scanobjectnn_mae.py,3dcf4b6a299e59744adcc064c5fa5d4b2b703187,"structured_keep drops a local anchor neighborhood by retaining farthest points, matching existing PointGPT support-stress protocol; input-level FPS is skipped when the H5 point count already equals npoints."
pointmae,/mnt/urashima/users/minesawa/home-offload/ssl/3D-NEPA/results/object_ssl_pointmae_pcpmae/checkpoints/pointmae/scan_hardest.pth,scanobjectnn,pb_t50_rs,official_checkpoint,random_keep80,Top-1 (%),84.55933332443237,0.2428889274597168,2882,2026,/mnt/urashima/users/minesawa/home-offload/ssl/3D-NEPA/scripts/object_ssl/eval_scanobjectnn_mae.py,3dcf4b6a299e59744adcc064c5fa5d4b2b703187,"structured_keep drops a local anchor neighborhood by retaining farthest points, matching existing PointGPT support-stress protocol; input-level FPS is skipped when the H5 point count already equals npoints."
pointmae,/mnt/urashima/users/minesawa/home-offload/ssl/3D-NEPA/results/object_ssl_pointmae_pcpmae/checkpoints/pointmae/scan_hardest.pth,scanobjectnn,pb_t50_rs,official_checkpoint,random_keep50,Top-1 (%),83.6918830871582,1.1103391647338867,2882,2026,/mnt/urashima/users/minesawa/home-offload/ssl/3D-NEPA/scripts/object_ssl/eval_scanobjectnn_mae.py,3dcf4b6a299e59744adcc064c5fa5d4b2b703187,"structured_keep drops a local anchor neighborhood by retaining farthest points, matching existing PointGPT support-stress protocol; input-level FPS is skipped when the H5 point count already equals npoints."
pointmae,/mnt/urashima/users/minesawa/home-offload/ssl/3D-NEPA/results/object_ssl_pointmae_pcpmae/checkpoints/pointmae/scan_hardest.pth,scanobjectnn,pb_t50_rs,official_checkpoint,random_keep20,Top-1 (%),68.5634970664978,16.238725185394287,2882,2026,/mnt/urashima/users/minesawa/home-offload/ssl/3D-NEPA/scripts/object_ssl/eval_scanobjectnn_mae.py,3dcf4b6a299e59744adcc064c5fa5d4b2b703187,"structured_keep drops a local anchor neighborhood by retaining farthest points, matching existing PointGPT support-stress protocol; input-level FPS is skipped when the H5 point count already equals npoints."
pointmae,/mnt/urashima/users/minesawa/home-offload/ssl/3D-NEPA/results/object_ssl_pointmae_pcpmae/checkpoints/pointmae/scan_hardest.pth,scanobjectnn,pb_t50_rs,official_checkpoint,random_keep10,Top-1 (%),27.41152048110962,57.39070177078247,2882,2026,/mnt/urashima/users/minesawa/home-offload/ssl/3D-NEPA/scripts/object_ssl/eval_scanobjectnn_mae.py,3dcf4b6a299e59744adcc064c5fa5d4b2b703187,"structured_keep drops a local anchor neighborhood by retaining farthest points, matching existing PointGPT support-stress protocol; input-level FPS is skipped when the H5 point count already equals npoints."
pointmae,/mnt/urashima/users/minesawa/home-offload/ssl/3D-NEPA/results/object_ssl_pointmae_pcpmae/checkpoints/pointmae/scan_hardest.pth,scanobjectnn,pb_t50_rs,official_checkpoint,structured_keep80,Top-1 (%),81.36710524559021,3.43511700630188,2882,2026,/mnt/urashima/users/minesawa/home-offload/ssl/3D-NEPA/scripts/object_ssl/eval_scanobjectnn_mae.py,3dcf4b6a299e59744adcc064c5fa5d4b2b703187,"structured_keep drops a local anchor neighborhood by retaining farthest points, matching existing PointGPT support-stress protocol; input-level FPS is skipped when the H5 point count already equals npoints."
pointmae,/mnt/urashima/users/minesawa/home-offload/ssl/3D-NEPA/results/object_ssl_pointmae_pcpmae/checkpoints/pointmae/scan_hardest.pth,scanobjectnn,pb_t50_rs,official_checkpoint,structured_keep50,Top-1 (%),67.93892979621887,16.863292455673218,2882,2026,/mnt/urashima/users/minesawa/home-offload/ssl/3D-NEPA/scripts/object_ssl/eval_scanobjectnn_mae.py,3dcf4b6a299e59744adcc064c5fa5d4b2b703187,"structured_keep drops a local anchor neighborhood by retaining farthest points, matching existing PointGPT support-stress protocol; input-level FPS is skipped when the H5 point count already equals npoints."
pointmae,/mnt/urashima/users/minesawa/home-offload/ssl/3D-NEPA/results/object_ssl_pointmae_pcpmae/checkpoints/pointmae/scan_hardest.pth,scanobjectnn,pb_t50_rs,official_checkpoint,structured_keep20,Top-1 (%),27.827897667884827,56.97432458400726,2882,2026,/mnt/urashima/users/minesawa/home-offload/ssl/3D-NEPA/scripts/object_ssl/eval_scanobjectnn_mae.py,3dcf4b6a299e59744adcc064c5fa5d4b2b703187,"structured_keep drops a local anchor neighborhood by retaining farthest points, matching existing PointGPT support-stress protocol; input-level FPS is skipped when the H5 point count already equals npoints."
pointmae,/mnt/urashima/users/minesawa/home-offload/ssl/3D-NEPA/results/object_ssl_pointmae_pcpmae/checkpoints/pointmae/scan_hardest.pth,scanobjectnn,pb_t50_rs,official_checkpoint,structured_keep10,Top-1 (%),12.421929091215134,72.38029316067696,2882,2026,/mnt/urashima/users/minesawa/home-offload/ssl/3D-NEPA/scripts/object_ssl/eval_scanobjectnn_mae.py,3dcf4b6a299e59744adcc064c5fa5d4b2b703187,"structured_keep drops a local anchor neighborhood by retaining farthest points, matching existing PointGPT support-stress protocol; input-level FPS is skipped when the H5 point count already equals npoints."
pointmae,/mnt/urashima/users/minesawa/home-offload/ssl/3D-NEPA/results/object_ssl_pointmae_pcpmae/checkpoints/pointmae/scan_hardest.pth,scanobjectnn,pb_t50_rs,official_checkpoint,xyz_zero,Top-1 (%),7.078418135643005,77.72380411624908,2882,2026,/mnt/urashima/users/minesawa/home-offload/ssl/3D-NEPA/scripts/object_ssl/eval_scanobjectnn_mae.py,3dcf4b6a299e59744adcc064c5fa5d4b2b703187,"structured_keep drops a local anchor neighborhood by retaining farthest points, matching existing PointGPT support-stress protocol; input-level FPS is skipped when the H5 point count already equals npoints."
pcpmae,/mnt/urashima/users/minesawa/home-offload/ssl/3D-NEPA/results/object_ssl_pointmae_pcpmae/checkpoints/pcpmae/part_seg_from_pretrain/best_model.pth,shapenetpart,test,finetuned_from_public_pretrain,clean,Instance mIoU (%),85.97277515312156,0.0,2874,2026,/mnt/urashima/users/minesawa/home-offload/ssl/3D-NEPA/scripts/object_ssl/eval_shapenetpart_mae.py,3dcf4b6a299e59744adcc064c5fa5d4b2b703187,ShapeNetPart top-k is computed under the standard known-category part-label restriction used by the original evaluation; checkpoint loaded with exact model-key coverage.
pcpmae,/mnt/urashima/users/minesawa/home-offload/ssl/3D-NEPA/results/object_ssl_pointmae_pcpmae/checkpoints/pcpmae/part_seg_from_pretrain/best_model.pth,shapenetpart,test,finetuned_from_public_pretrain,random_keep80,Instance mIoU (%),86.01917217173882,-0.04639701861725598,2874,2026,/mnt/urashima/users/minesawa/home-offload/ssl/3D-NEPA/scripts/object_ssl/eval_shapenetpart_mae.py,3dcf4b6a299e59744adcc064c5fa5d4b2b703187,ShapeNetPart top-k is computed under the standard known-category part-label restriction used by the original evaluation; checkpoint loaded with exact model-key coverage.
pcpmae,/mnt/urashima/users/minesawa/home-offload/ssl/3D-NEPA/results/object_ssl_pointmae_pcpmae/checkpoints/pcpmae/part_seg_from_pretrain/best_model.pth,shapenetpart,test,finetuned_from_public_pretrain,random_keep50,Instance mIoU (%),86.12503505208707,-0.15225989896551084,2874,2026,/mnt/urashima/users/minesawa/home-offload/ssl/3D-NEPA/scripts/object_ssl/eval_shapenetpart_mae.py,3dcf4b6a299e59744adcc064c5fa5d4b2b703187,ShapeNetPart top-k is computed under the standard known-category part-label restriction used by the original evaluation; checkpoint loaded with exact model-key coverage.
pcpmae,/mnt/urashima/users/minesawa/home-offload/ssl/3D-NEPA/results/object_ssl_pointmae_pcpmae/checkpoints/pcpmae/part_seg_from_pretrain/best_model.pth,shapenetpart,test,finetuned_from_public_pretrain,random_keep20,Instance mIoU (%),82.23690261570387,3.7358725374176913,2874,2026,/mnt/urashima/users/minesawa/home-offload/ssl/3D-NEPA/scripts/object_ssl/eval_shapenetpart_mae.py,3dcf4b6a299e59744adcc064c5fa5d4b2b703187,ShapeNetPart top-k is computed under the standard known-category part-label restriction used by the original evaluation; checkpoint loaded with exact model-key coverage.
pcpmae,/mnt/urashima/users/minesawa/home-offload/ssl/3D-NEPA/results/object_ssl_pointmae_pcpmae/checkpoints/pcpmae/part_seg_from_pretrain/best_model.pth,shapenetpart,test,finetuned_from_public_pretrain,random_keep10,Instance mIoU (%),68.38991599647971,17.582859156641845,2874,2026,/mnt/urashima/users/minesawa/home-offload/ssl/3D-NEPA/scripts/object_ssl/eval_shapenetpart_mae.py,3dcf4b6a299e59744adcc064c5fa5d4b2b703187,ShapeNetPart top-k is computed under the standard known-category part-label restriction used by the original evaluation; checkpoint loaded with exact model-key coverage.
pcpmae,/mnt/urashima/users/minesawa/home-offload/ssl/3D-NEPA/results/object_ssl_pointmae_pcpmae/checkpoints/pcpmae/part_seg_from_pretrain/best_model.pth,shapenetpart,test,finetuned_from_public_pretrain,structured_keep80,Instance mIoU (%),84.89716260688323,1.0756125462383324,2874,2026,/mnt/urashima/users/minesawa/home-offload/ssl/3D-NEPA/scripts/object_ssl/eval_shapenetpart_mae.py,3dcf4b6a299e59744adcc064c5fa5d4b2b703187,ShapeNetPart top-k is computed under the standard known-category part-label restriction used by the original evaluation; checkpoint loaded with exact model-key coverage.
pcpmae,/mnt/urashima/users/minesawa/home-offload/ssl/3D-NEPA/results/object_ssl_pointmae_pcpmae/checkpoints/pcpmae/part_seg_from_pretrain/best_model.pth,shapenetpart,test,finetuned_from_public_pretrain,structured_keep50,Instance mIoU (%),78.77819173140395,7.19458342171761,2874,2026,/mnt/urashima/users/minesawa/home-offload/ssl/3D-NEPA/scripts/object_ssl/eval_shapenetpart_mae.py,3dcf4b6a299e59744adcc064c5fa5d4b2b703187,ShapeNetPart top-k is computed under the standard known-category part-label restriction used by the original evaluation; checkpoint loaded with exact model-key coverage.
pcpmae,/mnt/urashima/users/minesawa/home-offload/ssl/3D-NEPA/results/object_ssl_pointmae_pcpmae/checkpoints/pcpmae/part_seg_from_pretrain/best_model.pth,shapenetpart,test,finetuned_from_public_pretrain,structured_keep20,Instance mIoU (%),55.7073278590993,30.26544729402226,2874,2026,/mnt/urashima/users/minesawa/home-offload/ssl/3D-NEPA/scripts/object_ssl/eval_shapenetpart_mae.py,3dcf4b6a299e59744adcc064c5fa5d4b2b703187,ShapeNetPart top-k is computed under the standard known-category part-label restriction used by the original evaluation; checkpoint loaded with exact model-key coverage.
pcpmae,/mnt/urashima/users/minesawa/home-offload/ssl/3D-NEPA/results/object_ssl_pointmae_pcpmae/checkpoints/pcpmae/part_seg_from_pretrain/best_model.pth,shapenetpart,test,finetuned_from_public_pretrain,structured_keep10,Instance mIoU (%),44.21243864085601,41.76033651226555,2874,2026,/mnt/urashima/users/minesawa/home-offload/ssl/3D-NEPA/scripts/object_ssl/eval_shapenetpart_mae.py,3dcf4b6a299e59744adcc064c5fa5d4b2b703187,ShapeNetPart top-k is computed under the standard known-category part-label restriction used by the original evaluation; checkpoint loaded with exact model-key coverage.
pcpmae,/mnt/urashima/users/minesawa/home-offload/ssl/3D-NEPA/results/object_ssl_pointmae_pcpmae/checkpoints/pcpmae/part_seg_from_pretrain/best_model.pth,shapenetpart,test,finetuned_from_public_pretrain,largest_part_removed,Instance mIoU (%),46.41991374532147,39.55286140780009,2874,2026,/mnt/urashima/users/minesawa/home-offload/ssl/3D-NEPA/scripts/object_ssl/eval_shapenetpart_mae.py,3dcf4b6a299e59744adcc064c5fa5d4b2b703187,ShapeNetPart top-k is computed under the standard known-category part-label restriction used by the original evaluation; checkpoint loaded with exact model-key coverage.
pcpmae,/mnt/urashima/users/minesawa/home-offload/ssl/3D-NEPA/results/object_ssl_pointmae_pcpmae/checkpoints/pcpmae/part_seg_from_pretrain/best_model.pth,shapenetpart,test,finetuned_from_public_pretrain,part_keep20_per_part,Instance mIoU (%),81.95139465692212,4.021380496199441,2874,2026,/mnt/urashima/users/minesawa/home-offload/ssl/3D-NEPA/scripts/object_ssl/eval_shapenetpart_mae.py,3dcf4b6a299e59744adcc064c5fa5d4b2b703187,ShapeNetPart top-k is computed under the standard known-category part-label restriction used by the original evaluation; checkpoint loaded with exact model-key coverage.
pcpmae,/mnt/urashima/users/minesawa/home-offload/ssl/3D-NEPA/results/object_ssl_pointmae_pcpmae/checkpoints/pcpmae/part_seg_from_pretrain/best_model.pth,shapenetpart,test,finetuned_from_public_pretrain,xyz_zero,Instance mIoU (%),32.697065544084175,53.275709609037385,2874,2026,/mnt/urashima/users/minesawa/home-offload/ssl/3D-NEPA/scripts/object_ssl/eval_shapenetpart_mae.py,3dcf4b6a299e59744adcc064c5fa5d4b2b703187,ShapeNetPart top-k is computed under the standard known-category part-label restriction used by the original evaluation; checkpoint loaded with exact model-key coverage.
pcpmae,/mnt/urashima/users/minesawa/home-offload/ssl/3D-NEPA/results/object_ssl_pointmae_pcpmae/checkpoints/pcpmae/part_seg/pcpmae_public_pretrain300_shapenetpart_seed2026_20260502_231103/checkpoints/best_model.pth,shapenetpart,test,finetuned_from_public_pretrain_ckpt300,clean,Instance mIoU (%),85.72183051176083,0.0,2874,2026,/mnt/urashima/users/minesawa/home-offload/ssl/3D-NEPA/scripts/object_ssl/eval_shapenetpart_mae.py,3dcf4b6a299e59744adcc064c5fa5d4b2b703187,ShapeNetPart top-k is computed under the standard known-category part-label restriction used by the original evaluation; checkpoint loaded with exact model-key coverage.
pcpmae,/mnt/urashima/users/minesawa/home-offload/ssl/3D-NEPA/results/object_ssl_pointmae_pcpmae/checkpoints/pcpmae/part_seg/pcpmae_public_pretrain300_shapenetpart_seed2026_20260502_231103/checkpoints/best_model.pth,shapenetpart,test,finetuned_from_public_pretrain_ckpt300,random_keep80,Instance mIoU (%),85.88414937853422,-0.1623188667733899,2874,2026,/mnt/urashima/users/minesawa/home-offload/ssl/3D-NEPA/scripts/object_ssl/eval_shapenetpart_mae.py,3dcf4b6a299e59744adcc064c5fa5d4b2b703187,ShapeNetPart top-k is computed under the standard known-category part-label restriction used by the original evaluation; checkpoint loaded with exact model-key coverage.
pcpmae,/mnt/urashima/users/minesawa/home-offload/ssl/3D-NEPA/results/object_ssl_pointmae_pcpmae/checkpoints/pcpmae/part_seg/pcpmae_public_pretrain300_shapenetpart_seed2026_20260502_231103/checkpoints/best_model.pth,shapenetpart,test,finetuned_from_public_pretrain_ckpt300,random_keep50,Instance mIoU (%),85.6625563450357,0.05927416672513175,2874,2026,/mnt/urashima/users/minesawa/home-offload/ssl/3D-NEPA/scripts/object_ssl/eval_shapenetpart_mae.py,3dcf4b6a299e59744adcc064c5fa5d4b2b703187,ShapeNetPart top-k is computed under the standard known-category part-label restriction used by the original evaluation; checkpoint loaded with exact model-key coverage.
pcpmae,/mnt/urashima/users/minesawa/home-offload/ssl/3D-NEPA/results/object_ssl_pointmae_pcpmae/checkpoints/pcpmae/part_seg/pcpmae_public_pretrain300_shapenetpart_seed2026_20260502_231103/checkpoints/best_model.pth,shapenetpart,test,finetuned_from_public_pretrain_ckpt300,random_keep20,Instance mIoU (%),81.94106980656746,3.780760705193373,2874,2026,/mnt/urashima/users/minesawa/home-offload/ssl/3D-NEPA/scripts/object_ssl/eval_shapenetpart_mae.py,3dcf4b6a299e59744adcc064c5fa5d4b2b703187,ShapeNetPart top-k is computed under the standard known-category part-label restriction used by the original evaluation; checkpoint loaded with exact model-key coverage.
pcpmae,/mnt/urashima/users/minesawa/home-offload/ssl/3D-NEPA/results/object_ssl_pointmae_pcpmae/checkpoints/pcpmae/part_seg/pcpmae_public_pretrain300_shapenetpart_seed2026_20260502_231103/checkpoints/best_model.pth,shapenetpart,test,finetuned_from_public_pretrain_ckpt300,random_keep10,Instance mIoU (%),68.04895385565848,17.672876656102346,2874,2026,/mnt/urashima/users/minesawa/home-offload/ssl/3D-NEPA/scripts/object_ssl/eval_shapenetpart_mae.py,3dcf4b6a299e59744adcc064c5fa5d4b2b703187,ShapeNetPart top-k is computed under the standard known-category part-label restriction used by the original evaluation; checkpoint loaded with exact model-key coverage.
pcpmae,/mnt/urashima/users/minesawa/home-offload/ssl/3D-NEPA/results/object_ssl_pointmae_pcpmae/checkpoints/pcpmae/part_seg/pcpmae_public_pretrain300_shapenetpart_seed2026_20260502_231103/checkpoints/best_model.pth,shapenetpart,test,finetuned_from_public_pretrain_ckpt300,structured_keep80,Instance mIoU (%),84.56348799263826,1.15834251912257,2874,2026,/mnt/urashima/users/minesawa/home-offload/ssl/3D-NEPA/scripts/object_ssl/eval_shapenetpart_mae.py,3dcf4b6a299e59744adcc064c5fa5d4b2b703187,ShapeNetPart top-k is computed under the standard known-category part-label restriction used by the original evaluation; checkpoint loaded with exact model-key coverage.
pcpmae,/mnt/urashima/users/minesawa/home-offload/ssl/3D-NEPA/results/object_ssl_pointmae_pcpmae/checkpoints/pcpmae/part_seg/pcpmae_public_pretrain300_shapenetpart_seed2026_20260502_231103/checkpoints/best_model.pth,shapenetpart,test,finetuned_from_public_pretrain_ckpt300,structured_keep50,Instance mIoU (%),78.64775661250512,7.074073899255708,2874,2026,/mnt/urashima/users/minesawa/home-offload/ssl/3D-NEPA/scripts/object_ssl/eval_shapenetpart_mae.py,3dcf4b6a299e59744adcc064c5fa5d4b2b703187,ShapeNetPart top-k is computed under the standard known-category part-label restriction used by the original evaluation; checkpoint loaded with exact model-key coverage.
pcpmae,/mnt/urashima/users/minesawa/home-offload/ssl/3D-NEPA/results/object_ssl_pointmae_pcpmae/checkpoints/pcpmae/part_seg/pcpmae_public_pretrain300_shapenetpart_seed2026_20260502_231103/checkpoints/best_model.pth,shapenetpart,test,finetuned_from_public_pretrain_ckpt300,structured_keep20,Instance mIoU (%),53.90009246442713,31.821738047333696,2874,2026,/mnt/urashima/users/minesawa/home-offload/ssl/3D-NEPA/scripts/object_ssl/eval_shapenetpart_mae.py,3dcf4b6a299e59744adcc064c5fa5d4b2b703187,ShapeNetPart top-k is computed under the standard known-category part-label restriction used by the original evaluation; checkpoint loaded with exact model-key coverage.
pcpmae,/mnt/urashima/users/minesawa/home-offload/ssl/3D-NEPA/results/object_ssl_pointmae_pcpmae/checkpoints/pcpmae/part_seg/pcpmae_public_pretrain300_shapenetpart_seed2026_20260502_231103/checkpoints/best_model.pth,shapenetpart,test,finetuned_from_public_pretrain_ckpt300,structured_keep10,Instance mIoU (%),42.02933742800792,43.69249308375291,2874,2026,/mnt/urashima/users/minesawa/home-offload/ssl/3D-NEPA/scripts/object_ssl/eval_shapenetpart_mae.py,3dcf4b6a299e59744adcc064c5fa5d4b2b703187,ShapeNetPart top-k is computed under the standard known-category part-label restriction used by the original evaluation; checkpoint loaded with exact model-key coverage.
pcpmae,/mnt/urashima/users/minesawa/home-offload/ssl/3D-NEPA/results/object_ssl_pointmae_pcpmae/checkpoints/pcpmae/part_seg/pcpmae_public_pretrain300_shapenetpart_seed2026_20260502_231103/checkpoints/best_model.pth,shapenetpart,test,finetuned_from_public_pretrain_ckpt300,largest_part_removed,Instance mIoU (%),44.38403675299598,41.337793758764846,2874,2026,/mnt/urashima/users/minesawa/home-offload/ssl/3D-NEPA/scripts/object_ssl/eval_shapenetpart_mae.py,3dcf4b6a299e59744adcc064c5fa5d4b2b703187,ShapeNetPart top-k is computed under the standard known-category part-label restriction used by the original evaluation; checkpoint loaded with exact model-key coverage.
pcpmae,/mnt/urashima/users/minesawa/home-offload/ssl/3D-NEPA/results/object_ssl_pointmae_pcpmae/checkpoints/pcpmae/part_seg/pcpmae_public_pretrain300_shapenetpart_seed2026_20260502_231103/checkpoints/best_model.pth,shapenetpart,test,finetuned_from_public_pretrain_ckpt300,part_keep20_per_part,Instance mIoU (%),81.82282116604227,3.8990093457185537,2874,2026,/mnt/urashima/users/minesawa/home-offload/ssl/3D-NEPA/scripts/object_ssl/eval_shapenetpart_mae.py,3dcf4b6a299e59744adcc064c5fa5d4b2b703187,ShapeNetPart top-k is computed under the standard known-category part-label restriction used by the original evaluation; checkpoint loaded with exact model-key coverage.
pcpmae,/mnt/urashima/users/minesawa/home-offload/ssl/3D-NEPA/results/object_ssl_pointmae_pcpmae/checkpoints/pcpmae/part_seg/pcpmae_public_pretrain300_shapenetpart_seed2026_20260502_231103/checkpoints/best_model.pth,shapenetpart,test,finetuned_from_public_pretrain_ckpt300,xyz_zero,Instance mIoU (%),33.1272494237126,52.59458108804823,2874,2026,/mnt/urashima/users/minesawa/home-offload/ssl/3D-NEPA/scripts/object_ssl/eval_shapenetpart_mae.py,3dcf4b6a299e59744adcc064c5fa5d4b2b703187,ShapeNetPart top-k is computed under the standard known-category part-label restriction used by the original evaluation; checkpoint loaded with exact model-key coverage.
pointmae,/mnt/urashima/users/minesawa/home-offload/ssl/3D-NEPA/results/object_ssl_pointmae_pcpmae/checkpoints/pointmae/part_seg.pth,shapenetpart,test,official_checkpoint,clean,Instance mIoU (%),86.053252655719,0.0,2874,2026,/mnt/urashima/users/minesawa/home-offload/ssl/3D-NEPA/scripts/object_ssl/eval_shapenetpart_mae.py,3dcf4b6a299e59744adcc064c5fa5d4b2b703187,"ShapeNetPart top-k is computed under the standard known-category part-label restriction used by the original evaluation; ignored unexpected checkpoint keys: conv_fuse.0.weight, conv_fuse.1.weight, conv_fuse.1.bias, conv_fuse.1.running_mean, conv_fuse.1.running_var, conv_fuse.1.num_batches_tracked."
pointmae,/mnt/urashima/users/minesawa/home-offload/ssl/3D-NEPA/results/object_ssl_pointmae_pcpmae/checkpoints/pointmae/part_seg.pth,shapenetpart,test,official_checkpoint,random_keep80,Instance mIoU (%),86.30316740288002,-0.24991474716101436,2874,2026,/mnt/urashima/users/minesawa/home-offload/ssl/3D-NEPA/scripts/object_ssl/eval_shapenetpart_mae.py,3dcf4b6a299e59744adcc064c5fa5d4b2b703187,"ShapeNetPart top-k is computed under the standard known-category part-label restriction used by the original evaluation; ignored unexpected checkpoint keys: conv_fuse.0.weight, conv_fuse.1.weight, conv_fuse.1.bias, conv_fuse.1.running_mean, conv_fuse.1.running_var, conv_fuse.1.num_batches_tracked."
pointmae,/mnt/urashima/users/minesawa/home-offload/ssl/3D-NEPA/results/object_ssl_pointmae_pcpmae/checkpoints/pointmae/part_seg.pth,shapenetpart,test,official_checkpoint,random_keep50,Instance mIoU (%),85.9567543600916,0.09649829562741274,2874,2026,/mnt/urashima/users/minesawa/home-offload/ssl/3D-NEPA/scripts/object_ssl/eval_shapenetpart_mae.py,3dcf4b6a299e59744adcc064c5fa5d4b2b703187,"ShapeNetPart top-k is computed under the standard known-category part-label restriction used by the original evaluation; ignored unexpected checkpoint keys: conv_fuse.0.weight, conv_fuse.1.weight, conv_fuse.1.bias, conv_fuse.1.running_mean, conv_fuse.1.running_var, conv_fuse.1.num_batches_tracked."
pointmae,/mnt/urashima/users/minesawa/home-offload/ssl/3D-NEPA/results/object_ssl_pointmae_pcpmae/checkpoints/pointmae/part_seg.pth,shapenetpart,test,official_checkpoint,random_keep20,Instance mIoU (%),82.18829486774563,3.864957787973381,2874,2026,/mnt/urashima/users/minesawa/home-offload/ssl/3D-NEPA/scripts/object_ssl/eval_shapenetpart_mae.py,3dcf4b6a299e59744adcc064c5fa5d4b2b703187,"ShapeNetPart top-k is computed under the standard known-category part-label restriction used by the original evaluation; ignored unexpected checkpoint keys: conv_fuse.0.weight, conv_fuse.1.weight, conv_fuse.1.bias, conv_fuse.1.running_mean, conv_fuse.1.running_var, conv_fuse.1.num_batches_tracked."
pointmae,/mnt/urashima/users/minesawa/home-offload/ssl/3D-NEPA/results/object_ssl_pointmae_pcpmae/checkpoints/pointmae/part_seg.pth,shapenetpart,test,official_checkpoint,random_keep10,Instance mIoU (%),69.44158248244017,16.61167017327884,2874,2026,/mnt/urashima/users/minesawa/home-offload/ssl/3D-NEPA/scripts/object_ssl/eval_shapenetpart_mae.py,3dcf4b6a299e59744adcc064c5fa5d4b2b703187,"ShapeNetPart top-k is computed under the standard known-category part-label restriction used by the original evaluation; ignored unexpected checkpoint keys: conv_fuse.0.weight, conv_fuse.1.weight, conv_fuse.1.bias, conv_fuse.1.running_mean, conv_fuse.1.running_var, conv_fuse.1.num_batches_tracked."
pointmae,/mnt/urashima/users/minesawa/home-offload/ssl/3D-NEPA/results/object_ssl_pointmae_pcpmae/checkpoints/pointmae/part_seg.pth,shapenetpart,test,official_checkpoint,structured_keep80,Instance mIoU (%),85.00736147710552,1.0458911786134877,2874,2026,/mnt/urashima/users/minesawa/home-offload/ssl/3D-NEPA/scripts/object_ssl/eval_shapenetpart_mae.py,3dcf4b6a299e59744adcc064c5fa5d4b2b703187,"ShapeNetPart top-k is computed under the standard known-category part-label restriction used by the original evaluation; ignored unexpected checkpoint keys: conv_fuse.0.weight, conv_fuse.1.weight, conv_fuse.1.bias, conv_fuse.1.running_mean, conv_fuse.1.running_var, conv_fuse.1.num_batches_tracked."
pointmae,/mnt/urashima/users/minesawa/home-offload/ssl/3D-NEPA/results/object_ssl_pointmae_pcpmae/checkpoints/pointmae/part_seg.pth,shapenetpart,test,official_checkpoint,structured_keep50,Instance mIoU (%),78.47391359536886,7.579339060350151,2874,2026,/mnt/urashima/users/minesawa/home-offload/ssl/3D-NEPA/scripts/object_ssl/eval_shapenetpart_mae.py,3dcf4b6a299e59744adcc064c5fa5d4b2b703187,"ShapeNetPart top-k is computed under the standard known-category part-label restriction used by the original evaluation; ignored unexpected checkpoint keys: conv_fuse.0.weight, conv_fuse.1.weight, conv_fuse.1.bias, conv_fuse.1.running_mean, conv_fuse.1.running_var, conv_fuse.1.num_batches_tracked."
pointmae,/mnt/urashima/users/minesawa/home-offload/ssl/3D-NEPA/results/object_ssl_pointmae_pcpmae/checkpoints/pointmae/part_seg.pth,shapenetpart,test,official_checkpoint,structured_keep20,Instance mIoU (%),54.91693615123857,31.136316504480433,2874,2026,/mnt/urashima/users/minesawa/home-offload/ssl/3D-NEPA/scripts/object_ssl/eval_shapenetpart_mae.py,3dcf4b6a299e59744adcc064c5fa5d4b2b703187,"ShapeNetPart top-k is computed under the standard known-category part-label restriction used by the original evaluation; ignored unexpected checkpoint keys: conv_fuse.0.weight, conv_fuse.1.weight, conv_fuse.1.bias, conv_fuse.1.running_mean, conv_fuse.1.running_var, conv_fuse.1.num_batches_tracked."
pointmae,/mnt/urashima/users/minesawa/home-offload/ssl/3D-NEPA/results/object_ssl_pointmae_pcpmae/checkpoints/pointmae/part_seg.pth,shapenetpart,test,official_checkpoint,structured_keep10,Instance mIoU (%),41.141195444732844,44.91205721098616,2874,2026,/mnt/urashima/users/minesawa/home-offload/ssl/3D-NEPA/scripts/object_ssl/eval_shapenetpart_mae.py,3dcf4b6a299e59744adcc064c5fa5d4b2b703187,"ShapeNetPart top-k is computed under the standard known-category part-label restriction used by the original evaluation; ignored unexpected checkpoint keys: conv_fuse.0.weight, conv_fuse.1.weight, conv_fuse.1.bias, conv_fuse.1.running_mean, conv_fuse.1.running_var, conv_fuse.1.num_batches_tracked."
pointmae,/mnt/urashima/users/minesawa/home-offload/ssl/3D-NEPA/results/object_ssl_pointmae_pcpmae/checkpoints/pointmae/part_seg.pth,shapenetpart,test,official_checkpoint,largest_part_removed,Instance mIoU (%),45.73220024879747,40.32105240692154,2874,2026,/mnt/urashima/users/minesawa/home-offload/ssl/3D-NEPA/scripts/object_ssl/eval_shapenetpart_mae.py,3dcf4b6a299e59744adcc064c5fa5d4b2b703187,"ShapeNetPart top-k is computed under the standard known-category part-label restriction used by the original evaluation; ignored unexpected checkpoint keys: conv_fuse.0.weight, conv_fuse.1.weight, conv_fuse.1.bias, conv_fuse.1.running_mean, conv_fuse.1.running_var, conv_fuse.1.num_batches_tracked."
pointmae,/mnt/urashima/users/minesawa/home-offload/ssl/3D-NEPA/results/object_ssl_pointmae_pcpmae/checkpoints/pointmae/part_seg.pth,shapenetpart,test,official_checkpoint,part_keep20_per_part,Instance mIoU (%),81.88542549818507,4.167827157533935,2874,2026,/mnt/urashima/users/minesawa/home-offload/ssl/3D-NEPA/scripts/object_ssl/eval_shapenetpart_mae.py,3dcf4b6a299e59744adcc064c5fa5d4b2b703187,"ShapeNetPart top-k is computed under the standard known-category part-label restriction used by the original evaluation; ignored unexpected checkpoint keys: conv_fuse.0.weight, conv_fuse.1.weight, conv_fuse.1.bias, conv_fuse.1.running_mean, conv_fuse.1.running_var, conv_fuse.1.num_batches_tracked."
pointmae,/mnt/urashima/users/minesawa/home-offload/ssl/3D-NEPA/results/object_ssl_pointmae_pcpmae/checkpoints/pointmae/part_seg.pth,shapenetpart,test,official_checkpoint,xyz_zero,Instance mIoU (%),31.643744008332607,54.4095086473864,2874,2026,/mnt/urashima/users/minesawa/home-offload/ssl/3D-NEPA/scripts/object_ssl/eval_shapenetpart_mae.py,3dcf4b6a299e59744adcc064c5fa5d4b2b703187,"ShapeNetPart top-k is computed under the standard known-category part-label restriction used by the original evaluation; ignored unexpected checkpoint keys: conv_fuse.0.weight, conv_fuse.1.weight, conv_fuse.1.bias, conv_fuse.1.running_mean, conv_fuse.1.running_var, conv_fuse.1.num_batches_tracked."
