model,task,split,selection_protocol,grouping_mode,condition,metric_name,score,clean_subset_score,damage_pp,mean_retained_unique_points,mean_repeated_forward_points,part_entropy_before,part_entropy_retained,metric_scope,logit_aggregation,top2_hit,top5_hit,n_samples,checkpoint_path,seed,git_commit,notes
pcpmae,scanobjectnn,obj_bg,official_checkpoint_eval_time_grouping,fps_knn,clean,Top-1 (%),95.18072009086609,,0.0,,,,,,,97.7624773979187,99.48365092277527,581,/mnt/urashima/users/minesawa/home-offload/ssl/3D-NEPA/results/object_ssl_pointmae_pcpmae/checkpoints/pcpmae/obj_bg/ckpt-best-95.53.pth,2026,7b7b788b372fc32c8a1a3be6a88682b25bf1095f,"structured_keep drops a local anchor neighborhood by retaining farthest points, matching existing PointGPT support-stress protocol; input-level FPS is skipped when the H5 point count already equals npoints. grouping_mode is an eval-time patchization perturbation with checkpoint/readout fixed; fps_knn is the unmodified path."
pcpmae,scanobjectnn,obj_bg,official_checkpoint_eval_time_grouping,fps_knn,random_keep20,Top-1 (%),21.170395612716675,,74.01032447814941,,,,,,,38.03786635398865,74.01032447814941,581,/mnt/urashima/users/minesawa/home-offload/ssl/3D-NEPA/results/object_ssl_pointmae_pcpmae/checkpoints/pcpmae/obj_bg/ckpt-best-95.53.pth,2026,7b7b788b372fc32c8a1a3be6a88682b25bf1095f,"structured_keep drops a local anchor neighborhood by retaining farthest points, matching existing PointGPT support-stress protocol; input-level FPS is skipped when the H5 point count already equals npoints. grouping_mode is an eval-time patchization perturbation with checkpoint/readout fixed; fps_knn is the unmodified path."
pcpmae,scanobjectnn,obj_bg,official_checkpoint_eval_time_grouping,fps_knn,structured_keep20,Top-1 (%),17.728054523468018,,77.45266556739807,,,,,,,27.194491028785706,52.495694160461426,581,/mnt/urashima/users/minesawa/home-offload/ssl/3D-NEPA/results/object_ssl_pointmae_pcpmae/checkpoints/pcpmae/obj_bg/ckpt-best-95.53.pth,2026,7b7b788b372fc32c8a1a3be6a88682b25bf1095f,"structured_keep drops a local anchor neighborhood by retaining farthest points, matching existing PointGPT support-stress protocol; input-level FPS is skipped when the H5 point count already equals npoints. grouping_mode is an eval-time patchization perturbation with checkpoint/readout fixed; fps_knn is the unmodified path."
pcpmae,scanobjectnn,obj_bg,official_checkpoint_eval_time_grouping,fps_knn,xyz_zero,Top-1 (%),9.294319897890091,,85.886400192976,,,,,,,17.728054523468018,34.939759969711304,581,/mnt/urashima/users/minesawa/home-offload/ssl/3D-NEPA/results/object_ssl_pointmae_pcpmae/checkpoints/pcpmae/obj_bg/ckpt-best-95.53.pth,2026,7b7b788b372fc32c8a1a3be6a88682b25bf1095f,"structured_keep drops a local anchor neighborhood by retaining farthest points, matching existing PointGPT support-stress protocol; input-level FPS is skipped when the H5 point count already equals npoints. grouping_mode is an eval-time patchization perturbation with checkpoint/readout fixed; fps_knn is the unmodified path."
pcpmae,scanobjectnn,obj_bg,official_checkpoint_eval_time_grouping,random_center_knn,clean,Top-1 (%),93.459552526474,,0.0,,,,,,,97.07400798797607,99.31153059005737,581,/mnt/urashima/users/minesawa/home-offload/ssl/3D-NEPA/results/object_ssl_pointmae_pcpmae/checkpoints/pcpmae/obj_bg/ckpt-best-95.53.pth,2026,7b7b788b372fc32c8a1a3be6a88682b25bf1095f,"structured_keep drops a local anchor neighborhood by retaining farthest points, matching existing PointGPT support-stress protocol; input-level FPS is skipped when the H5 point count already equals npoints. grouping_mode is an eval-time patchization perturbation with checkpoint/readout fixed; fps_knn is the unmodified path."
pcpmae,scanobjectnn,obj_bg,official_checkpoint_eval_time_grouping,random_center_knn,random_keep20,Top-1 (%),22.375215590000153,,71.08433693647385,,,,,,,37.86574900150299,73.14974069595337,581,/mnt/urashima/users/minesawa/home-offload/ssl/3D-NEPA/results/object_ssl_pointmae_pcpmae/checkpoints/pcpmae/obj_bg/ckpt-best-95.53.pth,2026,7b7b788b372fc32c8a1a3be6a88682b25bf1095f,"structured_keep drops a local anchor neighborhood by retaining farthest points, matching existing PointGPT support-stress protocol; input-level FPS is skipped when the H5 point count already equals npoints. grouping_mode is an eval-time patchization perturbation with checkpoint/readout fixed; fps_knn is the unmodified path."
pcpmae,scanobjectnn,obj_bg,official_checkpoint_eval_time_grouping,random_center_knn,structured_keep20,Top-1 (%),17.728054523468018,,75.73149800300598,,,,,,,25.989672541618347,51.29087567329407,581,/mnt/urashima/users/minesawa/home-offload/ssl/3D-NEPA/results/object_ssl_pointmae_pcpmae/checkpoints/pcpmae/obj_bg/ckpt-best-95.53.pth,2026,7b7b788b372fc32c8a1a3be6a88682b25bf1095f,"structured_keep drops a local anchor neighborhood by retaining farthest points, matching existing PointGPT support-stress protocol; input-level FPS is skipped when the H5 point count already equals npoints. grouping_mode is an eval-time patchization perturbation with checkpoint/readout fixed; fps_knn is the unmodified path."
pcpmae,scanobjectnn,obj_bg,official_checkpoint_eval_time_grouping,random_center_knn,xyz_zero,Top-1 (%),9.294319897890091,,84.16523262858391,,,,,,,17.728054523468018,34.939759969711304,581,/mnt/urashima/users/minesawa/home-offload/ssl/3D-NEPA/results/object_ssl_pointmae_pcpmae/checkpoints/pcpmae/obj_bg/ckpt-best-95.53.pth,2026,7b7b788b372fc32c8a1a3be6a88682b25bf1095f,"structured_keep drops a local anchor neighborhood by retaining farthest points, matching existing PointGPT support-stress protocol; input-level FPS is skipped when the H5 point count already equals npoints. grouping_mode is an eval-time patchization perturbation with checkpoint/readout fixed; fps_knn is the unmodified path."
pcpmae,scanobjectnn,obj_bg,official_checkpoint_eval_time_grouping,random_group,clean,Top-1 (%),11.359724402427673,,0.0,,,,,,,20.998278260231018,41.480207443237305,581,/mnt/urashima/users/minesawa/home-offload/ssl/3D-NEPA/results/object_ssl_pointmae_pcpmae/checkpoints/pcpmae/obj_bg/ckpt-best-95.53.pth,2026,7b7b788b372fc32c8a1a3be6a88682b25bf1095f,"structured_keep drops a local anchor neighborhood by retaining farthest points, matching existing PointGPT support-stress protocol; input-level FPS is skipped when the H5 point count already equals npoints. grouping_mode is an eval-time patchization perturbation with checkpoint/readout fixed; fps_knn is the unmodified path."
pcpmae,scanobjectnn,obj_bg,official_checkpoint_eval_time_grouping,random_group,random_keep20,Top-1 (%),11.187607795000076,,0.17211660742759705,,,,,,,20.654045045375824,40.61962068080902,581,/mnt/urashima/users/minesawa/home-offload/ssl/3D-NEPA/results/object_ssl_pointmae_pcpmae/checkpoints/pcpmae/obj_bg/ckpt-best-95.53.pth,2026,7b7b788b372fc32c8a1a3be6a88682b25bf1095f,"structured_keep drops a local anchor neighborhood by retaining farthest points, matching existing PointGPT support-stress protocol; input-level FPS is skipped when the H5 point count already equals npoints. grouping_mode is an eval-time patchization perturbation with checkpoint/readout fixed; fps_knn is the unmodified path."
pcpmae,scanobjectnn,obj_bg,official_checkpoint_eval_time_grouping,random_group,structured_keep20,Top-1 (%),9.810671210289001,,1.5490531921386719,,,,,,,20.998278260231018,38.726332783699036,581,/mnt/urashima/users/minesawa/home-offload/ssl/3D-NEPA/results/object_ssl_pointmae_pcpmae/checkpoints/pcpmae/obj_bg/ckpt-best-95.53.pth,2026,7b7b788b372fc32c8a1a3be6a88682b25bf1095f,"structured_keep drops a local anchor neighborhood by retaining farthest points, matching existing PointGPT support-stress protocol; input-level FPS is skipped when the H5 point count already equals npoints. grouping_mode is an eval-time patchization perturbation with checkpoint/readout fixed; fps_knn is the unmodified path."
pcpmae,scanobjectnn,obj_bg,official_checkpoint_eval_time_grouping,random_group,xyz_zero,Top-1 (%),9.294319897890091,,2.0654045045375824,,,,,,,17.728054523468018,34.939759969711304,581,/mnt/urashima/users/minesawa/home-offload/ssl/3D-NEPA/results/object_ssl_pointmae_pcpmae/checkpoints/pcpmae/obj_bg/ckpt-best-95.53.pth,2026,7b7b788b372fc32c8a1a3be6a88682b25bf1095f,"structured_keep drops a local anchor neighborhood by retaining farthest points, matching existing PointGPT support-stress protocol; input-level FPS is skipped when the H5 point count already equals npoints. grouping_mode is an eval-time patchization perturbation with checkpoint/readout fixed; fps_knn is the unmodified path."
pcpmae,shapenetpart,test,finetuned_from_public_pretrain_eval_time_grouping,fps_knn,clean,Instance mIoU (%),85.9109295667173,85.9109295667173,0.0,2048.0,0.0,4.308461303072343,4.308461303072343,unique_retained_original_points,mean_by_original_index,99.2156069230602,99.99993204157967,2874,/mnt/urashima/users/minesawa/home-offload/ssl/3D-NEPA/results/object_ssl_pointmae_pcpmae/checkpoints/pcpmae/part_seg_from_pretrain/best_model.pth,2026,fd9da67bb59f04e034c8f98fa1e9f42244801318,"ShapeNetPart top-k is computed under the standard known-category part-label restriction used by the original evaluation. grouping_mode is an eval-time patchization perturbation with checkpoint/readout fixed; fps_knn is the unmodified path. Support perturbation metrics are computed on unique retained original point indices. When retained support is resampled for the fixed-size forward pass, logits are averaged back to each original retained point before mIoU/top-k computation; checkpoint loaded with exact model-key coverage."
pcpmae,shapenetpart,test,finetuned_from_public_pretrain_eval_time_grouping,fps_knn,random_keep20,Instance mIoU (%),82.26239249669362,86.71438912912541,4.451996632431786,410.0,1638.0,4.308461303072343,4.308218413131791,unique_retained_original_points,mean_by_original_index,98.9071914727498,99.99949080910433,2874,/mnt/urashima/users/minesawa/home-offload/ssl/3D-NEPA/results/object_ssl_pointmae_pcpmae/checkpoints/pcpmae/part_seg_from_pretrain/best_model.pth,2026,fd9da67bb59f04e034c8f98fa1e9f42244801318,"ShapeNetPart top-k is computed under the standard known-category part-label restriction used by the original evaluation. grouping_mode is an eval-time patchization perturbation with checkpoint/readout fixed; fps_knn is the unmodified path. Support perturbation metrics are computed on unique retained original point indices. When retained support is resampled for the fixed-size forward pass, logits are averaged back to each original retained point before mIoU/top-k computation; checkpoint loaded with exact model-key coverage."
pcpmae,shapenetpart,test,finetuned_from_public_pretrain_eval_time_grouping,fps_knn,structured_keep20,Instance mIoU (%),55.088778769098546,89.38694731856802,34.29816854946947,410.0,1638.0,4.308461303072343,4.3804269126453494,unique_retained_original_points,mean_by_original_index,90.16268649116553,99.97496478096305,2874,/mnt/urashima/users/minesawa/home-offload/ssl/3D-NEPA/results/object_ssl_pointmae_pcpmae/checkpoints/pcpmae/part_seg_from_pretrain/best_model.pth,2026,fd9da67bb59f04e034c8f98fa1e9f42244801318,"ShapeNetPart top-k is computed under the standard known-category part-label restriction used by the original evaluation. grouping_mode is an eval-time patchization perturbation with checkpoint/readout fixed; fps_knn is the unmodified path. Support perturbation metrics are computed on unique retained original point indices. When retained support is resampled for the fixed-size forward pass, logits are averaged back to each original retained point before mIoU/top-k computation; checkpoint loaded with exact model-key coverage."
pcpmae,shapenetpart,test,finetuned_from_public_pretrain_eval_time_grouping,fps_knn,largest_part_removed,Instance mIoU (%),45.952465844661305,65.08352060116641,19.131054756505108,776.1311760612386,1271.8688239387614,4.308461303072343,4.249792008980157,unique_retained_original_points,mean_by_original_index,94.54008135027287,99.99645835360067,2874,/mnt/urashima/users/minesawa/home-offload/ssl/3D-NEPA/results/object_ssl_pointmae_pcpmae/checkpoints/pcpmae/part_seg_from_pretrain/best_model.pth,2026,fd9da67bb59f04e034c8f98fa1e9f42244801318,"ShapeNetPart top-k is computed under the standard known-category part-label restriction used by the original evaluation. grouping_mode is an eval-time patchization perturbation with checkpoint/readout fixed; fps_knn is the unmodified path. Support perturbation metrics are computed on unique retained original point indices. When retained support is resampled for the fixed-size forward pass, logits are averaged back to each original retained point before mIoU/top-k computation; checkpoint loaded with exact model-key coverage."
pcpmae,shapenetpart,test,finetuned_from_public_pretrain_eval_time_grouping,fps_knn,xyz_zero,Instance mIoU (%),32.75013115975122,85.9109295667173,53.16079840696608,2048.0,0.0,4.308461303072343,4.308461303072343,unique_retained_original_points,mean_by_original_index,83.19136819328462,99.98217790427105,2874,/mnt/urashima/users/minesawa/home-offload/ssl/3D-NEPA/results/object_ssl_pointmae_pcpmae/checkpoints/pcpmae/part_seg_from_pretrain/best_model.pth,2026,fd9da67bb59f04e034c8f98fa1e9f42244801318,"ShapeNetPart top-k is computed under the standard known-category part-label restriction used by the original evaluation. grouping_mode is an eval-time patchization perturbation with checkpoint/readout fixed; fps_knn is the unmodified path. Support perturbation metrics are computed on unique retained original point indices. When retained support is resampled for the fixed-size forward pass, logits are averaged back to each original retained point before mIoU/top-k computation; checkpoint loaded with exact model-key coverage."
pcpmae,shapenetpart,test,finetuned_from_public_pretrain_eval_time_grouping,random_center_knn,clean,Instance mIoU (%),84.03649089218118,84.03649089218118,0.0,2048.0,0.0,4.308840449908718,4.308840449908718,unique_retained_original_points,mean_by_original_index,99.10847047342554,99.99986408315937,2874,/mnt/urashima/users/minesawa/home-offload/ssl/3D-NEPA/results/object_ssl_pointmae_pcpmae/checkpoints/pcpmae/part_seg_from_pretrain/best_model.pth,2026,fd9da67bb59f04e034c8f98fa1e9f42244801318,"ShapeNetPart top-k is computed under the standard known-category part-label restriction used by the original evaluation. grouping_mode is an eval-time patchization perturbation with checkpoint/readout fixed; fps_knn is the unmodified path. Support perturbation metrics are computed on unique retained original point indices. When retained support is resampled for the fixed-size forward pass, logits are averaged back to each original retained point before mIoU/top-k computation; checkpoint loaded with exact model-key coverage."
pcpmae,shapenetpart,test,finetuned_from_public_pretrain_eval_time_grouping,random_center_knn,random_keep20,Instance mIoU (%),78.90807724391163,84.92858536539929,6.0205081214876515,410.0,1638.0,4.308840449908718,4.309475553232835,unique_retained_original_points,mean_by_original_index,98.54210160055672,99.99660539402889,2874,/mnt/urashima/users/minesawa/home-offload/ssl/3D-NEPA/results/object_ssl_pointmae_pcpmae/checkpoints/pcpmae/part_seg_from_pretrain/best_model.pth,2026,fd9da67bb59f04e034c8f98fa1e9f42244801318,"ShapeNetPart top-k is computed under the standard known-category part-label restriction used by the original evaluation. grouping_mode is an eval-time patchization perturbation with checkpoint/readout fixed; fps_knn is the unmodified path. Support perturbation metrics are computed on unique retained original point indices. When retained support is resampled for the fixed-size forward pass, logits are averaged back to each original retained point before mIoU/top-k computation; checkpoint loaded with exact model-key coverage."
pcpmae,shapenetpart,test,finetuned_from_public_pretrain_eval_time_grouping,random_center_knn,structured_keep20,Instance mIoU (%),53.273864730642984,87.99178412761553,34.71791939697255,410.0,1638.0,4.308840449908718,4.395275003278887,unique_retained_original_points,mean_by_original_index,89.33533615085629,99.97352207342533,2874,/mnt/urashima/users/minesawa/home-offload/ssl/3D-NEPA/results/object_ssl_pointmae_pcpmae/checkpoints/pcpmae/part_seg_from_pretrain/best_model.pth,2026,fd9da67bb59f04e034c8f98fa1e9f42244801318,"ShapeNetPart top-k is computed under the standard known-category part-label restriction used by the original evaluation. grouping_mode is an eval-time patchization perturbation with checkpoint/readout fixed; fps_knn is the unmodified path. Support perturbation metrics are computed on unique retained original point indices. When retained support is resampled for the fixed-size forward pass, logits are averaged back to each original retained point before mIoU/top-k computation; checkpoint loaded with exact model-key coverage."
pcpmae,shapenetpart,test,finetuned_from_public_pretrain_eval_time_grouping,random_center_knn,largest_part_removed,Instance mIoU (%),44.14622130928519,63.78382321588625,19.637601906601063,775.0556715379263,1272.9443284620738,4.308840449908718,4.242009702968632,unique_retained_original_points,mean_by_original_index,93.8656167649079,99.99474749832773,2874,/mnt/urashima/users/minesawa/home-offload/ssl/3D-NEPA/results/object_ssl_pointmae_pcpmae/checkpoints/pcpmae/part_seg_from_pretrain/best_model.pth,2026,fd9da67bb59f04e034c8f98fa1e9f42244801318,"ShapeNetPart top-k is computed under the standard known-category part-label restriction used by the original evaluation. grouping_mode is an eval-time patchization perturbation with checkpoint/readout fixed; fps_knn is the unmodified path. Support perturbation metrics are computed on unique retained original point indices. When retained support is resampled for the fixed-size forward pass, logits are averaged back to each original retained point before mIoU/top-k computation; checkpoint loaded with exact model-key coverage."
pcpmae,shapenetpart,test,finetuned_from_public_pretrain_eval_time_grouping,random_center_knn,xyz_zero,Instance mIoU (%),32.697235440134975,84.03649089218118,51.3392554520462,2048.0,0.0,4.308840449908718,4.308840449908718,unique_retained_original_points,mean_by_original_index,83.1943583637787,99.98233081071677,2874,/mnt/urashima/users/minesawa/home-offload/ssl/3D-NEPA/results/object_ssl_pointmae_pcpmae/checkpoints/pcpmae/part_seg_from_pretrain/best_model.pth,2026,fd9da67bb59f04e034c8f98fa1e9f42244801318,"ShapeNetPart top-k is computed under the standard known-category part-label restriction used by the original evaluation. grouping_mode is an eval-time patchization perturbation with checkpoint/readout fixed; fps_knn is the unmodified path. Support perturbation metrics are computed on unique retained original point indices. When retained support is resampled for the fixed-size forward pass, logits are averaged back to each original retained point before mIoU/top-k computation; checkpoint loaded with exact model-key coverage."
pcpmae,shapenetpart,test,finetuned_from_public_pretrain_eval_time_grouping,random_group,clean,Instance mIoU (%),55.35042028113638,55.35042028113638,0.0,2048.0,0.0,4.308501745948261,4.308501745948261,unique_retained_original_points,mean_by_original_index,91.97553768702157,99.99092755088726,2874,/mnt/urashima/users/minesawa/home-offload/ssl/3D-NEPA/results/object_ssl_pointmae_pcpmae/checkpoints/pcpmae/part_seg_from_pretrain/best_model.pth,2026,fd9da67bb59f04e034c8f98fa1e9f42244801318,"ShapeNetPart top-k is computed under the standard known-category part-label restriction used by the original evaluation. grouping_mode is an eval-time patchization perturbation with checkpoint/readout fixed; fps_knn is the unmodified path. Support perturbation metrics are computed on unique retained original point indices. When retained support is resampled for the fixed-size forward pass, logits are averaged back to each original retained point before mIoU/top-k computation; checkpoint loaded with exact model-key coverage."
pcpmae,shapenetpart,test,finetuned_from_public_pretrain_eval_time_grouping,random_group,random_keep20,Instance mIoU (%),55.88687936310278,56.33635406098312,0.44947469788034056,410.0,1638.0,4.308501745948261,4.307677321199659,unique_retained_original_points,mean_by_original_index,91.84225266052243,99.98786428365327,2874,/mnt/urashima/users/minesawa/home-offload/ssl/3D-NEPA/results/object_ssl_pointmae_pcpmae/checkpoints/pcpmae/part_seg_from_pretrain/best_model.pth,2026,fd9da67bb59f04e034c8f98fa1e9f42244801318,"ShapeNetPart top-k is computed under the standard known-category part-label restriction used by the original evaluation. grouping_mode is an eval-time patchization perturbation with checkpoint/readout fixed; fps_knn is the unmodified path. Support perturbation metrics are computed on unique retained original point indices. When retained support is resampled for the fixed-size forward pass, logits are averaged back to each original retained point before mIoU/top-k computation; checkpoint loaded with exact model-key coverage."
pcpmae,shapenetpart,test,finetuned_from_public_pretrain_eval_time_grouping,random_group,structured_keep20,Instance mIoU (%),55.59821549568489,63.791555756473464,8.193340260788574,410.0,1638.0,4.308501745948261,4.390002169018128,unique_retained_original_points,mean_by_original_index,89.1514333723713,99.96970314170783,2874,/mnt/urashima/users/minesawa/home-offload/ssl/3D-NEPA/results/object_ssl_pointmae_pcpmae/checkpoints/pcpmae/part_seg_from_pretrain/best_model.pth,2026,fd9da67bb59f04e034c8f98fa1e9f42244801318,"ShapeNetPart top-k is computed under the standard known-category part-label restriction used by the original evaluation. grouping_mode is an eval-time patchization perturbation with checkpoint/readout fixed; fps_knn is the unmodified path. Support perturbation metrics are computed on unique retained original point indices. When retained support is resampled for the fixed-size forward pass, logits are averaged back to each original retained point before mIoU/top-k computation; checkpoint loaded with exact model-key coverage."
pcpmae,shapenetpart,test,finetuned_from_public_pretrain_eval_time_grouping,random_group,largest_part_removed,Instance mIoU (%),38.600925176128165,42.59775826354525,3.9968330874170874,775.0570633263744,1272.9429366736256,4.308501745948261,4.253139291659022,unique_retained_original_points,mean_by_original_index,83.073103019779,99.96615060556297,2874,/mnt/urashima/users/minesawa/home-offload/ssl/3D-NEPA/results/object_ssl_pointmae_pcpmae/checkpoints/pcpmae/part_seg_from_pretrain/best_model.pth,2026,fd9da67bb59f04e034c8f98fa1e9f42244801318,"ShapeNetPart top-k is computed under the standard known-category part-label restriction used by the original evaluation. grouping_mode is an eval-time patchization perturbation with checkpoint/readout fixed; fps_knn is the unmodified path. Support perturbation metrics are computed on unique retained original point indices. When retained support is resampled for the fixed-size forward pass, logits are averaged back to each original retained point before mIoU/top-k computation; checkpoint loaded with exact model-key coverage."
pcpmae,shapenetpart,test,finetuned_from_public_pretrain_eval_time_grouping,random_group,xyz_zero,Instance mIoU (%),32.70300765846091,55.35042028113638,22.647412622675468,2048.0,0.0,4.308501745948261,4.308501745948261,unique_retained_original_points,mean_by_original_index,83.20042365279228,99.98068281902401,2874,/mnt/urashima/users/minesawa/home-offload/ssl/3D-NEPA/results/object_ssl_pointmae_pcpmae/checkpoints/pcpmae/part_seg_from_pretrain/best_model.pth,2026,fd9da67bb59f04e034c8f98fa1e9f42244801318,"ShapeNetPart top-k is computed under the standard known-category part-label restriction used by the original evaluation. grouping_mode is an eval-time patchization perturbation with checkpoint/readout fixed; fps_knn is the unmodified path. Support perturbation metrics are computed on unique retained original point indices. When retained support is resampled for the fixed-size forward pass, logits are averaged back to each original retained point before mIoU/top-k computation; checkpoint loaded with exact model-key coverage."
pointmae,scanobjectnn,obj_bg,official_checkpoint_eval_time_grouping,fps_knn,clean,Top-1 (%),89.50086236000061,,0.0,,,,,,,95.6970751285553,98.96729588508606,581,/mnt/urashima/users/minesawa/home-offload/ssl/3D-NEPA/results/object_ssl_pointmae_pcpmae/checkpoints/pointmae/scan_objonly.pth,2026,7b7b788b372fc32c8a1a3be6a88682b25bf1095f,"structured_keep drops a local anchor neighborhood by retaining farthest points, matching existing PointGPT support-stress protocol; input-level FPS is skipped when the H5 point count already equals npoints. grouping_mode is an eval-time patchization perturbation with checkpoint/readout fixed; fps_knn is the unmodified path."
pointmae,scanobjectnn,obj_bg,official_checkpoint_eval_time_grouping,fps_knn,random_keep20,Top-1 (%),72.28915691375732,,17.211705446243286,,,,,,,88.12392354011536,96.55765891075134,581,/mnt/urashima/users/minesawa/home-offload/ssl/3D-NEPA/results/object_ssl_pointmae_pcpmae/checkpoints/pointmae/scan_objonly.pth,2026,7b7b788b372fc32c8a1a3be6a88682b25bf1095f,"structured_keep drops a local anchor neighborhood by retaining farthest points, matching existing PointGPT support-stress protocol; input-level FPS is skipped when the H5 point count already equals npoints. grouping_mode is an eval-time patchization perturbation with checkpoint/readout fixed; fps_knn is the unmodified path."
pointmae,scanobjectnn,obj_bg,official_checkpoint_eval_time_grouping,fps_knn,structured_keep20,Top-1 (%),30.80894947052002,,58.69191288948059,,,,,,,46.987950801849365,71.94492220878601,581,/mnt/urashima/users/minesawa/home-offload/ssl/3D-NEPA/results/object_ssl_pointmae_pcpmae/checkpoints/pointmae/scan_objonly.pth,2026,7b7b788b372fc32c8a1a3be6a88682b25bf1095f,"structured_keep drops a local anchor neighborhood by retaining farthest points, matching existing PointGPT support-stress protocol; input-level FPS is skipped when the H5 point count already equals npoints. grouping_mode is an eval-time patchization perturbation with checkpoint/readout fixed; fps_knn is the unmodified path."
pointmae,scanobjectnn,obj_bg,official_checkpoint_eval_time_grouping,fps_knn,xyz_zero,Top-1 (%),7.2289153933525085,,82.2719469666481,,,,,,,14.457830786705017,50.08605718612671,581,/mnt/urashima/users/minesawa/home-offload/ssl/3D-NEPA/results/object_ssl_pointmae_pcpmae/checkpoints/pointmae/scan_objonly.pth,2026,7b7b788b372fc32c8a1a3be6a88682b25bf1095f,"structured_keep drops a local anchor neighborhood by retaining farthest points, matching existing PointGPT support-stress protocol; input-level FPS is skipped when the H5 point count already equals npoints. grouping_mode is an eval-time patchization perturbation with checkpoint/readout fixed; fps_knn is the unmodified path."
pointmae,scanobjectnn,obj_bg,official_checkpoint_eval_time_grouping,random_center_knn,clean,Top-1 (%),86.57487034797668,,0.0,,,,,,,95.18072009086609,98.45094680786133,581,/mnt/urashima/users/minesawa/home-offload/ssl/3D-NEPA/results/object_ssl_pointmae_pcpmae/checkpoints/pointmae/scan_objonly.pth,2026,7b7b788b372fc32c8a1a3be6a88682b25bf1095f,"structured_keep drops a local anchor neighborhood by retaining farthest points, matching existing PointGPT support-stress protocol; input-level FPS is skipped when the H5 point count already equals npoints. grouping_mode is an eval-time patchization perturbation with checkpoint/readout fixed; fps_knn is the unmodified path."
pointmae,scanobjectnn,obj_bg,official_checkpoint_eval_time_grouping,random_center_knn,random_keep20,Top-1 (%),71.6006875038147,,14.974182844161987,,,,,,,86.74699068069458,96.72977328300476,581,/mnt/urashima/users/minesawa/home-offload/ssl/3D-NEPA/results/object_ssl_pointmae_pcpmae/checkpoints/pointmae/scan_objonly.pth,2026,7b7b788b372fc32c8a1a3be6a88682b25bf1095f,"structured_keep drops a local anchor neighborhood by retaining farthest points, matching existing PointGPT support-stress protocol; input-level FPS is skipped when the H5 point count already equals npoints. grouping_mode is an eval-time patchization perturbation with checkpoint/readout fixed; fps_knn is the unmodified path."
pointmae,scanobjectnn,obj_bg,official_checkpoint_eval_time_grouping,random_center_knn,structured_keep20,Top-1 (%),28.57142984867096,,58.003440499305725,,,,,,,42.512908577919006,69.5352852344513,581,/mnt/urashima/users/minesawa/home-offload/ssl/3D-NEPA/results/object_ssl_pointmae_pcpmae/checkpoints/pointmae/scan_objonly.pth,2026,7b7b788b372fc32c8a1a3be6a88682b25bf1095f,"structured_keep drops a local anchor neighborhood by retaining farthest points, matching existing PointGPT support-stress protocol; input-level FPS is skipped when the H5 point count already equals npoints. grouping_mode is an eval-time patchization perturbation with checkpoint/readout fixed; fps_knn is the unmodified path."
pointmae,scanobjectnn,obj_bg,official_checkpoint_eval_time_grouping,random_center_knn,xyz_zero,Top-1 (%),7.2289153933525085,,79.34595495462418,,,,,,,14.457830786705017,50.08605718612671,581,/mnt/urashima/users/minesawa/home-offload/ssl/3D-NEPA/results/object_ssl_pointmae_pcpmae/checkpoints/pointmae/scan_objonly.pth,2026,7b7b788b372fc32c8a1a3be6a88682b25bf1095f,"structured_keep drops a local anchor neighborhood by retaining farthest points, matching existing PointGPT support-stress protocol; input-level FPS is skipped when the H5 point count already equals npoints. grouping_mode is an eval-time patchization perturbation with checkpoint/readout fixed; fps_knn is the unmodified path."
pointmae,scanobjectnn,obj_bg,official_checkpoint_eval_time_grouping,random_group,clean,Top-1 (%),16.695353388786316,,0.0,,,,,,,29.948365688323975,55.765920877456665,581,/mnt/urashima/users/minesawa/home-offload/ssl/3D-NEPA/results/object_ssl_pointmae_pcpmae/checkpoints/pointmae/scan_objonly.pth,2026,7b7b788b372fc32c8a1a3be6a88682b25bf1095f,"structured_keep drops a local anchor neighborhood by retaining farthest points, matching existing PointGPT support-stress protocol; input-level FPS is skipped when the H5 point count already equals npoints. grouping_mode is an eval-time patchization perturbation with checkpoint/readout fixed; fps_knn is the unmodified path."
pointmae,scanobjectnn,obj_bg,official_checkpoint_eval_time_grouping,random_group,random_keep20,Top-1 (%),16.179001331329346,,0.5163520574569702,,,,,,,28.915661573410034,56.45439028739929,581,/mnt/urashima/users/minesawa/home-offload/ssl/3D-NEPA/results/object_ssl_pointmae_pcpmae/checkpoints/pointmae/scan_objonly.pth,2026,7b7b788b372fc32c8a1a3be6a88682b25bf1095f,"structured_keep drops a local anchor neighborhood by retaining farthest points, matching existing PointGPT support-stress protocol; input-level FPS is skipped when the H5 point count already equals npoints. grouping_mode is an eval-time patchization perturbation with checkpoint/readout fixed; fps_knn is the unmodified path."
pointmae,scanobjectnn,obj_bg,official_checkpoint_eval_time_grouping,random_group,structured_keep20,Top-1 (%),13.425129652023315,,3.2702237367630005,,,,,,,23.924268782138824,53.87263298034668,581,/mnt/urashima/users/minesawa/home-offload/ssl/3D-NEPA/results/object_ssl_pointmae_pcpmae/checkpoints/pointmae/scan_objonly.pth,2026,7b7b788b372fc32c8a1a3be6a88682b25bf1095f,"structured_keep drops a local anchor neighborhood by retaining farthest points, matching existing PointGPT support-stress protocol; input-level FPS is skipped when the H5 point count already equals npoints. grouping_mode is an eval-time patchization perturbation with checkpoint/readout fixed; fps_knn is the unmodified path."
pointmae,scanobjectnn,obj_bg,official_checkpoint_eval_time_grouping,random_group,xyz_zero,Top-1 (%),7.2289153933525085,,9.466437995433807,,,,,,,14.457830786705017,50.08605718612671,581,/mnt/urashima/users/minesawa/home-offload/ssl/3D-NEPA/results/object_ssl_pointmae_pcpmae/checkpoints/pointmae/scan_objonly.pth,2026,7b7b788b372fc32c8a1a3be6a88682b25bf1095f,"structured_keep drops a local anchor neighborhood by retaining farthest points, matching existing PointGPT support-stress protocol; input-level FPS is skipped when the H5 point count already equals npoints. grouping_mode is an eval-time patchization perturbation with checkpoint/readout fixed; fps_knn is the unmodified path."
pointmae,shapenetpart,test,official_checkpoint_eval_time_grouping,fps_knn,clean,Instance mIoU (%),86.03795346575652,86.03795346575652,0.0,2048.0,0.0,4.308632033419432,4.308632033419432,unique_retained_original_points,mean_by_original_index,99.27350749717293,100.0,2874,/mnt/urashima/users/minesawa/home-offload/ssl/3D-NEPA/results/object_ssl_pointmae_pcpmae/checkpoints/pointmae/part_seg.pth,2026,fd9da67bb59f04e034c8f98fa1e9f42244801318,"ShapeNetPart top-k is computed under the standard known-category part-label restriction used by the original evaluation. grouping_mode is an eval-time patchization perturbation with checkpoint/readout fixed; fps_knn is the unmodified path. Support perturbation metrics are computed on unique retained original point indices. When retained support is resampled for the fixed-size forward pass, logits are averaged back to each original retained point before mIoU/top-k computation; ignored unexpected checkpoint keys: conv_fuse.0.weight, conv_fuse.1.weight, conv_fuse.1.bias, conv_fuse.1.running_mean, conv_fuse.1.running_var, conv_fuse.1.num_batches_tracked."
pointmae,shapenetpart,test,official_checkpoint_eval_time_grouping,fps_knn,random_keep20,Instance mIoU (%),82.01722106675875,86.81545709936891,4.798236032610163,410.0,1638.0,4.308632033419432,4.308338843024402,unique_retained_original_points,mean_by_original_index,98.88716329752025,99.99991513485072,2874,/mnt/urashima/users/minesawa/home-offload/ssl/3D-NEPA/results/object_ssl_pointmae_pcpmae/checkpoints/pointmae/part_seg.pth,2026,fd9da67bb59f04e034c8f98fa1e9f42244801318,"ShapeNetPart top-k is computed under the standard known-category part-label restriction used by the original evaluation. grouping_mode is an eval-time patchization perturbation with checkpoint/readout fixed; fps_knn is the unmodified path. Support perturbation metrics are computed on unique retained original point indices. When retained support is resampled for the fixed-size forward pass, logits are averaged back to each original retained point before mIoU/top-k computation; ignored unexpected checkpoint keys: conv_fuse.0.weight, conv_fuse.1.weight, conv_fuse.1.bias, conv_fuse.1.running_mean, conv_fuse.1.running_var, conv_fuse.1.num_batches_tracked."
pointmae,shapenetpart,test,official_checkpoint_eval_time_grouping,fps_knn,structured_keep20,Instance mIoU (%),54.17392237845039,89.60028417525452,35.42636179680412,410.0,1638.0,4.308632033419432,4.382977546184974,unique_retained_original_points,mean_by_original_index,89.20057029380315,99.9636777161091,2874,/mnt/urashima/users/minesawa/home-offload/ssl/3D-NEPA/results/object_ssl_pointmae_pcpmae/checkpoints/pointmae/part_seg.pth,2026,fd9da67bb59f04e034c8f98fa1e9f42244801318,"ShapeNetPart top-k is computed under the standard known-category part-label restriction used by the original evaluation. grouping_mode is an eval-time patchization perturbation with checkpoint/readout fixed; fps_knn is the unmodified path. Support perturbation metrics are computed on unique retained original point indices. When retained support is resampled for the fixed-size forward pass, logits are averaged back to each original retained point before mIoU/top-k computation; ignored unexpected checkpoint keys: conv_fuse.0.weight, conv_fuse.1.weight, conv_fuse.1.bias, conv_fuse.1.running_mean, conv_fuse.1.running_var, conv_fuse.1.num_batches_tracked."
pointmae,shapenetpart,test,official_checkpoint_eval_time_grouping,fps_knn,largest_part_removed,Instance mIoU (%),45.36678392847843,64.98010423848737,19.613320310008937,775.4679888656924,1272.5320111343076,4.308632033419432,4.251576820008369,unique_retained_original_points,mean_by_original_index,93.48398950955604,99.99515411485197,2874,/mnt/urashima/users/minesawa/home-offload/ssl/3D-NEPA/results/object_ssl_pointmae_pcpmae/checkpoints/pointmae/part_seg.pth,2026,fd9da67bb59f04e034c8f98fa1e9f42244801318,"ShapeNetPart top-k is computed under the standard known-category part-label restriction used by the original evaluation. grouping_mode is an eval-time patchization perturbation with checkpoint/readout fixed; fps_knn is the unmodified path. Support perturbation metrics are computed on unique retained original point indices. When retained support is resampled for the fixed-size forward pass, logits are averaged back to each original retained point before mIoU/top-k computation; ignored unexpected checkpoint keys: conv_fuse.0.weight, conv_fuse.1.weight, conv_fuse.1.bias, conv_fuse.1.running_mean, conv_fuse.1.running_var, conv_fuse.1.num_batches_tracked."
pointmae,shapenetpart,test,official_checkpoint_eval_time_grouping,fps_knn,xyz_zero,Instance mIoU (%),31.696614243541234,86.03795346575652,54.34133922221528,2048.0,0.0,4.308632033419432,4.308632033419432,unique_retained_original_points,mean_by_original_index,82.33899970641963,99.62656848034099,2874,/mnt/urashima/users/minesawa/home-offload/ssl/3D-NEPA/results/object_ssl_pointmae_pcpmae/checkpoints/pointmae/part_seg.pth,2026,fd9da67bb59f04e034c8f98fa1e9f42244801318,"ShapeNetPart top-k is computed under the standard known-category part-label restriction used by the original evaluation. grouping_mode is an eval-time patchization perturbation with checkpoint/readout fixed; fps_knn is the unmodified path. Support perturbation metrics are computed on unique retained original point indices. When retained support is resampled for the fixed-size forward pass, logits are averaged back to each original retained point before mIoU/top-k computation; ignored unexpected checkpoint keys: conv_fuse.0.weight, conv_fuse.1.weight, conv_fuse.1.bias, conv_fuse.1.running_mean, conv_fuse.1.running_var, conv_fuse.1.num_batches_tracked."
pointmae,shapenetpart,test,official_checkpoint_eval_time_grouping,random_center_knn,clean,Instance mIoU (%),84.3750272763278,84.3750272763278,0.0,2048.0,0.0,4.308091716500555,4.308091716500555,unique_retained_original_points,mean_by_original_index,99.19090403727382,99.9997451559238,2874,/mnt/urashima/users/minesawa/home-offload/ssl/3D-NEPA/results/object_ssl_pointmae_pcpmae/checkpoints/pointmae/part_seg.pth,2026,fd9da67bb59f04e034c8f98fa1e9f42244801318,"ShapeNetPart top-k is computed under the standard known-category part-label restriction used by the original evaluation. grouping_mode is an eval-time patchization perturbation with checkpoint/readout fixed; fps_knn is the unmodified path. Support perturbation metrics are computed on unique retained original point indices. When retained support is resampled for the fixed-size forward pass, logits are averaged back to each original retained point before mIoU/top-k computation; ignored unexpected checkpoint keys: conv_fuse.0.weight, conv_fuse.1.weight, conv_fuse.1.bias, conv_fuse.1.running_mean, conv_fuse.1.running_var, conv_fuse.1.num_batches_tracked."
pointmae,shapenetpart,test,official_checkpoint_eval_time_grouping,random_center_knn,random_keep20,Instance mIoU (%),79.06215410625343,85.23145713705514,6.169303030801714,410.0,1638.0,4.308091716500555,4.307532173591436,unique_retained_original_points,mean_by_original_index,98.57867847989544,99.99864215761156,2874,/mnt/urashima/users/minesawa/home-offload/ssl/3D-NEPA/results/object_ssl_pointmae_pcpmae/checkpoints/pointmae/part_seg.pth,2026,fd9da67bb59f04e034c8f98fa1e9f42244801318,"ShapeNetPart top-k is computed under the standard known-category part-label restriction used by the original evaluation. grouping_mode is an eval-time patchization perturbation with checkpoint/readout fixed; fps_knn is the unmodified path. Support perturbation metrics are computed on unique retained original point indices. When retained support is resampled for the fixed-size forward pass, logits are averaged back to each original retained point before mIoU/top-k computation; ignored unexpected checkpoint keys: conv_fuse.0.weight, conv_fuse.1.weight, conv_fuse.1.bias, conv_fuse.1.running_mean, conv_fuse.1.running_var, conv_fuse.1.num_batches_tracked."
pointmae,shapenetpart,test,official_checkpoint_eval_time_grouping,random_center_knn,structured_keep20,Instance mIoU (%),53.11021489942731,88.02836847639772,34.918153576970404,410.0,1638.0,4.308091716500555,4.381727869871718,unique_retained_original_points,mean_by_original_index,88.5364156355551,99.95264524670299,2874,/mnt/urashima/users/minesawa/home-offload/ssl/3D-NEPA/results/object_ssl_pointmae_pcpmae/checkpoints/pointmae/part_seg.pth,2026,fd9da67bb59f04e034c8f98fa1e9f42244801318,"ShapeNetPart top-k is computed under the standard known-category part-label restriction used by the original evaluation. grouping_mode is an eval-time patchization perturbation with checkpoint/readout fixed; fps_knn is the unmodified path. Support perturbation metrics are computed on unique retained original point indices. When retained support is resampled for the fixed-size forward pass, logits are averaged back to each original retained point before mIoU/top-k computation; ignored unexpected checkpoint keys: conv_fuse.0.weight, conv_fuse.1.weight, conv_fuse.1.bias, conv_fuse.1.running_mean, conv_fuse.1.running_var, conv_fuse.1.num_batches_tracked."
pointmae,shapenetpart,test,official_checkpoint_eval_time_grouping,random_center_knn,largest_part_removed,Instance mIoU (%),44.123437882895736,63.86132784135534,19.737889958459604,775.0504523312457,1272.9495476687543,4.308091716500555,4.251734038394211,unique_retained_original_points,mean_by_original_index,93.00339619168618,99.99290683031836,2874,/mnt/urashima/users/minesawa/home-offload/ssl/3D-NEPA/results/object_ssl_pointmae_pcpmae/checkpoints/pointmae/part_seg.pth,2026,fd9da67bb59f04e034c8f98fa1e9f42244801318,"ShapeNetPart top-k is computed under the standard known-category part-label restriction used by the original evaluation. grouping_mode is an eval-time patchization perturbation with checkpoint/readout fixed; fps_knn is the unmodified path. Support perturbation metrics are computed on unique retained original point indices. When retained support is resampled for the fixed-size forward pass, logits are averaged back to each original retained point before mIoU/top-k computation; ignored unexpected checkpoint keys: conv_fuse.0.weight, conv_fuse.1.weight, conv_fuse.1.bias, conv_fuse.1.running_mean, conv_fuse.1.running_var, conv_fuse.1.num_batches_tracked."
pointmae,shapenetpart,test,official_checkpoint_eval_time_grouping,random_center_knn,xyz_zero,Instance mIoU (%),31.663426465817825,84.3750272763278,52.71160081050998,2048.0,0.0,4.308091716500555,4.308091716500555,unique_retained_original_points,mean_by_original_index,82.33568673342901,99.62746892941024,2874,/mnt/urashima/users/minesawa/home-offload/ssl/3D-NEPA/results/object_ssl_pointmae_pcpmae/checkpoints/pointmae/part_seg.pth,2026,fd9da67bb59f04e034c8f98fa1e9f42244801318,"ShapeNetPart top-k is computed under the standard known-category part-label restriction used by the original evaluation. grouping_mode is an eval-time patchization perturbation with checkpoint/readout fixed; fps_knn is the unmodified path. Support perturbation metrics are computed on unique retained original point indices. When retained support is resampled for the fixed-size forward pass, logits are averaged back to each original retained point before mIoU/top-k computation; ignored unexpected checkpoint keys: conv_fuse.0.weight, conv_fuse.1.weight, conv_fuse.1.bias, conv_fuse.1.running_mean, conv_fuse.1.running_var, conv_fuse.1.num_batches_tracked."
pointmae,shapenetpart,test,official_checkpoint_eval_time_grouping,random_group,clean,Instance mIoU (%),56.49450257574373,56.49450257574373,0.0,2048.0,0.0,4.308087951591428,4.308087951591428,unique_retained_original_points,mean_by_original_index,92.92123007459116,99.99041786273486,2874,/mnt/urashima/users/minesawa/home-offload/ssl/3D-NEPA/results/object_ssl_pointmae_pcpmae/checkpoints/pointmae/part_seg.pth,2026,fd9da67bb59f04e034c8f98fa1e9f42244801318,"ShapeNetPart top-k is computed under the standard known-category part-label restriction used by the original evaluation. grouping_mode is an eval-time patchization perturbation with checkpoint/readout fixed; fps_knn is the unmodified path. Support perturbation metrics are computed on unique retained original point indices. When retained support is resampled for the fixed-size forward pass, logits are averaged back to each original retained point before mIoU/top-k computation; ignored unexpected checkpoint keys: conv_fuse.0.weight, conv_fuse.1.weight, conv_fuse.1.bias, conv_fuse.1.running_mean, conv_fuse.1.running_var, conv_fuse.1.num_batches_tracked."
pointmae,shapenetpart,test,official_checkpoint_eval_time_grouping,random_group,random_keep20,Instance mIoU (%),57.06342143829944,57.31533542388628,0.25191398558683886,410.0,1638.0,4.308087951591428,4.307684589135716,unique_retained_original_points,mean_by_original_index,92.9320909075479,99.99151348507223,2874,/mnt/urashima/users/minesawa/home-offload/ssl/3D-NEPA/results/object_ssl_pointmae_pcpmae/checkpoints/pointmae/part_seg.pth,2026,fd9da67bb59f04e034c8f98fa1e9f42244801318,"ShapeNetPart top-k is computed under the standard known-category part-label restriction used by the original evaluation. grouping_mode is an eval-time patchization perturbation with checkpoint/readout fixed; fps_knn is the unmodified path. Support perturbation metrics are computed on unique retained original point indices. When retained support is resampled for the fixed-size forward pass, logits are averaged back to each original retained point before mIoU/top-k computation; ignored unexpected checkpoint keys: conv_fuse.0.weight, conv_fuse.1.weight, conv_fuse.1.bias, conv_fuse.1.running_mean, conv_fuse.1.running_var, conv_fuse.1.num_batches_tracked."
pointmae,shapenetpart,test,official_checkpoint_eval_time_grouping,random_group,structured_keep20,Instance mIoU (%),62.62961817906297,64.72410225804953,2.0944840789865538,410.0,1638.0,4.308087951591428,4.389652528951742,unique_retained_original_points,mean_by_original_index,91.99424614287896,99.99202267596789,2874,/mnt/urashima/users/minesawa/home-offload/ssl/3D-NEPA/results/object_ssl_pointmae_pcpmae/checkpoints/pointmae/part_seg.pth,2026,fd9da67bb59f04e034c8f98fa1e9f42244801318,"ShapeNetPart top-k is computed under the standard known-category part-label restriction used by the original evaluation. grouping_mode is an eval-time patchization perturbation with checkpoint/readout fixed; fps_knn is the unmodified path. Support perturbation metrics are computed on unique retained original point indices. When retained support is resampled for the fixed-size forward pass, logits are averaged back to each original retained point before mIoU/top-k computation; ignored unexpected checkpoint keys: conv_fuse.0.weight, conv_fuse.1.weight, conv_fuse.1.bias, conv_fuse.1.running_mean, conv_fuse.1.running_var, conv_fuse.1.num_batches_tracked."
pointmae,shapenetpart,test,official_checkpoint_eval_time_grouping,random_group,largest_part_removed,Instance mIoU (%),46.983052978555854,52.20419887042078,5.2211458918649285,774.9331941544885,1273.0668058455115,4.308087951591428,4.251559492886838,unique_retained_original_points,mean_by_original_index,88.09621948689765,99.97422724386864,2874,/mnt/urashima/users/minesawa/home-offload/ssl/3D-NEPA/results/object_ssl_pointmae_pcpmae/checkpoints/pointmae/part_seg.pth,2026,fd9da67bb59f04e034c8f98fa1e9f42244801318,"ShapeNetPart top-k is computed under the standard known-category part-label restriction used by the original evaluation. grouping_mode is an eval-time patchization perturbation with checkpoint/readout fixed; fps_knn is the unmodified path. Support perturbation metrics are computed on unique retained original point indices. When retained support is resampled for the fixed-size forward pass, logits are averaged back to each original retained point before mIoU/top-k computation; ignored unexpected checkpoint keys: conv_fuse.0.weight, conv_fuse.1.weight, conv_fuse.1.bias, conv_fuse.1.running_mean, conv_fuse.1.running_var, conv_fuse.1.num_batches_tracked."
pointmae,shapenetpart,test,official_checkpoint_eval_time_grouping,random_group,xyz_zero,Instance mIoU (%),31.702293019039228,56.49450257574373,24.792209556704503,2048.0,0.0,4.308087951591428,4.308087951591428,unique_retained_original_points,mean_by_original_index,82.32676719076201,99.62821647203374,2874,/mnt/urashima/users/minesawa/home-offload/ssl/3D-NEPA/results/object_ssl_pointmae_pcpmae/checkpoints/pointmae/part_seg.pth,2026,fd9da67bb59f04e034c8f98fa1e9f42244801318,"ShapeNetPart top-k is computed under the standard known-category part-label restriction used by the original evaluation. grouping_mode is an eval-time patchization perturbation with checkpoint/readout fixed; fps_knn is the unmodified path. Support perturbation metrics are computed on unique retained original point indices. When retained support is resampled for the fixed-size forward pass, logits are averaged back to each original retained point before mIoU/top-k computation; ignored unexpected checkpoint keys: conv_fuse.0.weight, conv_fuse.1.weight, conv_fuse.1.bias, conv_fuse.1.running_mean, conv_fuse.1.running_var, conv_fuse.1.num_batches_tracked."
